Organization CRD#,Primary Business Name,5F(2)(c),5A,1I,Total Number of Website Addresses,Main Office State,Main Office City,SEC Current Status,SEC Status Effective Date,Latest ADV Filing Date,_aum,_band,_emp,_site,_new_registration
5871,"FIRST GEORGETOWN SECURITIES, INC","           115,737,800.00",4,Y,1,VA,ALEXANDRIA,Approved,08/05/2026,08/12/2026,115737800.0,$100-500M,4,True,True
6290,"BRIDGEVIEW CAPITAL ADVISORS, INC.","           114,131,548.00",2,Y,6,CA,EL DORADO HILLS,Approved,06/26/2026,06/30/2026,114131548.0,$100-500M,2,True,True
8040,"J K R & COMPANY, INC.","           136,316,266.00",5,Y,1,CA,VAN NUYS,Approved,05/26/2026,05/26/2026,136316266.0,$100-500M,5,True,True
8425,"RJJ PASADENA SECURITIES, INC.","           110,288,148.00",2,N,0,NV,HENDERSON,Approved,04/27/2026,06/12/2026,110288148.0,$100-500M,2,False,True
13478,WORTH FINANCIAL GROUP INC.,"           122,831,881.00",11,Y,3,TX,DALLAS,Approved,04/22/2026,04/21/2026,122831881.0,$100-500M,11,True,True
14553,POTOMAC INVESTMENT COMPANY,"           106,972,702.00",2,N,0,,,Approved,04/06/2026,08/20/2026,106972702.0,$100-500M,2,False,True
23189,MISSIONSQUARE WEALTH MANAGEMENT,                      .00,208,Y,7,DC,WASHINGTON,Approved,02/18/2026,07/27/2026,0.0,$0 reported,208,True,True
24723,"INDEPENDENCE CAPITAL CO., INC.","           118,696,378.00",43,Y,1,OH,PARMA,Approved,08/06/2026,07/24/2026,118696378.0,$100-500M,43,True,True
26193,ALAMO CAPITAL,"           103,590,000.00",20,Y,5,CA,WALNUT CREEK,Approved,04/02/2026,03/13/2026,103590000.0,$100-500M,20,True,True
28352,"LANDOLT SECURITIES, INC.","           137,829,035.00",14,Y,4,IL,LAKE BLUFF,Approved,02/23/2026,06/29/2026,137829035.0,$100-500M,14,True,True
43272,FLORIDA ATLANTIC SECURITIES CORP.,"           590,035,263.00",4,Y,1,FL,MIAMI,Approved,08/05/2026,07/22/2026,590035263.0,$500M-1B,4,True,True
105589,"SCOFIELD & COMPANY, LLC","           113,566,394.00",5,N,0,OH,FAIRLAWN,Approved,08/21/2026,08/03/2026,113566394.0,$100-500M,5,False,True
105634,PETERSON INVESTMENT MANAGEMENT INC,"           146,121,289.00",2,N,0,,,Approved,08/27/2026,08/26/2026,146121289.0,$100-500M,2,False,True
106604,ABENS FINANCIAL SERVICES INC,"           120,118,491.00",3,Y,1,MN,EDINA,Approved,04/23/2026,03/23/2026,120118491.0,$100-500M,3,True,True
106701,KINNAMON & ASSOCIATES LTD II,"           117,562,180.00",7,Y,1,IL,BARRINGTON,Approved,04/08/2026,04/10/2026,117562180.0,$100-500M,7,True,True
106702,DEMERS FINANCIAL PLANNING,"           125,324,415.00",2,Y,1,OH,COLUMBUS,Approved,05/14/2026,05/12/2026,125324415.0,$100-500M,2,True,True
106963,"HOWLAND AND ASSOCIATES, LLC","           138,704,932.00",5,Y,8,FL,ST PETERSBURG,Approved,08/13/2026,08/11/2026,138704932.0,$100-500M,5,True,True
107041,A. J. PERRY & CO.,"           108,760,000.00",2,N,0,MD,TOWSON,Approved,01/08/2026,02/18/2026,108760000.0,$100-500M,2,False,True
108082,JAFFE ASSET MANAGEMENT LLC,"           116,219,162.00",2,N,0,CA,BEVERLY HILLS,Approved,04/29/2026,06/02/2026,116219162.0,$100-500M,2,False,True
108351,CFG WEALTH MANAGEMENT SERVICES INC,"           110,201,914.00",2,Y,3,IN,INDIANAPOLIS,Approved,04/20/2026,03/19/2026,110201914.0,$100-500M,2,True,True
108489,FINANCIAL MOUNTAIN INC,"           111,337,000.00",2,Y,3,CO,BOULDER,Approved,01/22/2026,12/22/2025,111337000.0,$100-500M,2,True,True
108682,SILER WEALTH MANAGEMENT,"           188,567,348.00",6,Y,2,FL,LONGWOOD,Approved,01/12/2026,03/30/2026,188567348.0,$100-500M,6,True,True
108762,RITTMANN CAPITAL MANAGEMENT CO,"           142,436,898.00",1,Y,1,CA,MORAGA,Approved,01/12/2026,01/09/2026,142436898.0,$100-500M,1,True,True
109303,"LASALLE INVESTMENT ADVISORS, INC.","           133,609,468.00",5,N,0,WI,PEWAUKEE,Approved,03/31/2026,03/31/2026,133609468.0,$100-500M,5,False,True
109624,WEBER CAPITAL MANAGEMENT LLC,"           120,225,941.00",1,Y,1,,,Approved,04/13/2026,04/30/2026,120225941.0,$100-500M,1,True,True
109691,"SMBC ASSET MANAGEMENT, INC.",                      .00,6,N,0,NY,NEW YORK,120-Day Approval,05/29/2026,05/08/2026,0.0,$0 reported,6,False,True
110097,DORATO CAPITAL MANAGEMENT,"           138,742,554.00",3,Y,1,,,Approved,02/10/2026,01/23/2026,138742554.0,$100-500M,3,True,True
110401,POWERS INVESTMENT ADVISORY CORPORATION,"           111,579,096.00",2,Y,1,,,Approved,01/02/2026,01/06/2026,111579096.0,$100-500M,2,True,True
110803,SAFE HARBOR RETIREMENT PLANNERS,"           108,670,330.00",4,Y,6,,,Approved,06/26/2026,07/15/2026,108670330.0,$100-500M,4,True,True
111246,"PAVLIC INVESTMENT ADVISORS, INC.","           108,843,269.00",2,Y,2,WI,DELAFIELD,Approved,05/05/2026,05/04/2026,108843269.0,$100-500M,2,True,True
111946,"VIP PLANNERS, INC.","           126,165,535.00",4,Y,1,VA,ROANOKE,Approved,09/09/2025,03/25/2026,126165535.0,$100-500M,4,True,True
113249,"HAYKIN, MICHAEL","           124,534,472.00",2,N,0,,,Approved,06/18/2026,06/15/2026,124534472.0,$100-500M,2,False,True
113802,"STONEFIELD INVESTMENT ADVISORY, INC.","           120,250,000.00",2,Y,2,IA,CEDAR RAPIDS,Approved,08/20/2025,01/27/2026,120250000.0,$100-500M,2,True,True
113983,"LEE-WAY FINANCIAL SERVICES, INC","           132,100,000.00",2,Y,1,MS,HATTIESBURG,Approved,04/06/2026,03/05/2026,132100000.0,$100-500M,2,True,True
113996,"L.J. BREY, INC.","           117,331,252.00",1,Y,1,,,Approved,01/05/2026,03/04/2026,117331252.0,$100-500M,1,True,True
114263,THE GARDNER GROUP,"           125,274,461.00",1,Y,3,TX,DALLAS,Approved,06/10/2026,05/11/2026,125274461.0,$100-500M,1,True,True
114943,"CARDENAS ASSET MANAGEMENT, LLC","           149,257,748.00",1,N,0,,,Approved,03/10/2026,03/04/2026,149257748.0,$100-500M,1,False,True
114994,"CAPITOL WEALTH MANAGEMENT, INC.","           111,888,886.00",2,Y,1,VA,MCLEAN,Approved,08/07/2026,08/07/2026,111888886.0,$100-500M,2,True,True
115283,CLEARWATER CAPITAL MANAGEMENT,"           139,300,000.00",1,N,0,,,Approved,11/13/2025,03/02/2026,139300000.0,$100-500M,1,False,True
115849,TABER ASSET MANAGEMENT L.L.C.,"           110,023,313.00",4,Y,4,,,Approved,05/08/2026,05/28/2026,110023313.0,$100-500M,4,True,True
115956,"LYNCH INVESTMENT PLANNING, LLC","           143,250,844.00",3,Y,6,PA,NEWTOWN SQUARE,Approved,06/18/2026,05/19/2026,143250844.0,$100-500M,3,True,True
116011,"PORTFOLIO ADVISORY GROUP, INC.","           115,833,952.00",2,N,0,VA,ALEXANDRIA,Approved,04/24/2026,03/27/2026,115833952.0,$100-500M,2,False,True
116183,"HULSEY CAPITAL MANAGEMENT, INC.","           113,247,895.00",1,N,0,AR,HEBER SPRINGS,Approved,04/15/2026,03/16/2026,113247895.0,$100-500M,1,False,True
116346,"MILNE FINANCIAL PLANNING, INC.","           111,321,170.00",3,Y,3,VT,SAINT JOHNSBURY,Approved,08/10/2026,07/13/2026,111321170.0,$100-500M,3,True,True
116987,"WEALTH-BUILDERS, INC.","           113,228,117.00",1,Y,3,,,Approved,11/25/2025,03/13/2026,113228117.0,$100-500M,1,True,True
117104,"GOING CPAS & WEALTH ADVISORS, LLP","           160,825,856.00",11,Y,3,LA,OPELOUSAS,Approved,08/04/2025,08/10/2026,160825856.0,$100-500M,11,True,True
117249,"ALLRIDGE WEALTH MANAGEMENT, INC","           103,273,487.00",2,Y,1,VA,ASHBURN,Approved,03/25/2026,03/27/2026,103273487.0,$100-500M,2,True,True
118241,"WEST FINANCIAL STRATEGIES, INC.","           121,014,544.00",3,Y,1,NC,SANFORD,Approved,06/08/2026,05/08/2026,121014544.0,$100-500M,3,True,True
118294,"PROFITS PLUS CAPITAL MANAGEMENT, LLC","           258,135,606.00",1,Y,5,ID,NAMPA,Approved,05/08/2026,04/10/2026,258135606.0,$100-500M,1,True,True
118886,QUALITY FINANCIAL CONCEPTS,"           128,841,915.00",4,Y,3,TN,MARYVILLE,Approved,05/21/2026,06/02/2026,128841915.0,$100-500M,4,True,True
119355,"WYNN CAPITAL MANAGEMENT, LLC","           102,011,468.00",3,Y,4,CA,SANTA CRUZ,Approved,04/23/2026,03/31/2026,102011468.0,$100-500M,3,True,True
119510,"BLUE CHIP FINANCIAL ADVISORS, LLC","           104,069,000.00",5,Y,1,RI,EAST PROVIDENCE,Approved,08/14/2026,08/19/2026,104069000.0,$100-500M,5,True,True
119952,"ODA AND COMPANY, INC.","           125,561,519.00",3,Y,2,OH,MEDINA,Approved,04/15/2026,07/16/2026,125561519.0,$100-500M,3,True,True
120228,CLASSIC FINANCIAL,"           151,645,327.00",4,Y,4,CA,WESTLAKE VILLAGE,Approved,03/23/2026,07/24/2026,151645327.0,$100-500M,4,True,True
120896,"SERA CAPITAL MANAGEMENT, LLC","           114,258,975.00",5,Y,4,MD,ANNAPOLIS,Approved,04/23/2026,06/24/2026,114258975.0,$100-500M,5,True,True
121505,SIGNIA CAPITAL MANAGEMENT,"           109,440,888.00",4,Y,3,WA,SPOKANE,Approved,11/21/2025,07/31/2026,109440888.0,$100-500M,4,True,True
121666,"S.C. THOMAS & ASSOCIATES, CPA, LLC","           104,552,674.00",2,Y,1,OH,MEDINA,Approved,04/17/2026,03/19/2026,104552674.0,$100-500M,2,True,True
121757,SOUTHEAST FINANCIAL ADVISORS,"           132,964,803.00",2,Y,1,SC,GREENVILLE,Approved,06/05/2026,06/01/2026,132964803.0,$100-500M,2,True,True
122706,"INTEGRATED INVESTMENT STRATEGIES,INC.","           104,549,560.00",3,Y,2,IN,CARMEL,Approved,04/24/2026,06/08/2026,104549560.0,$100-500M,3,True,True
122768,"PATHFINDER ADVISORY, INC.","           121,422,558.00",5,Y,5,IL,ROCKFORD,Approved,04/10/2026,03/13/2026,121422558.0,$100-500M,5,True,True
123242,ROCKY HILL ADVISORS INC.,"           102,418,700.00",2,Y,1,MA,PEABODY,Approved,04/13/2026,05/27/2026,102418700.0,$100-500M,2,True,True
123305,"ALESSANDRA CAPITAL MANAGEMENT, LLC","           153,517,000.00",3,Y,2,CA,TORRANCE,Approved,08/13/2025,03/31/2026,153517000.0,$100-500M,3,True,True
123735,"ARCH PARTNERS WEALTH MANAGEMENT, INC.","           109,152,241.00",3,Y,2,GA,WATKINSVILLE,Approved,02/18/2026,01/13/2026,109152241.0,$100-500M,3,True,True
124496,"CW SECURITIES, LLC","           113,478,500.00",3,N,0,TN,KNOXVILLE,Approved,05/29/2026,06/03/2026,113478500.0,$100-500M,3,False,True
124924,NAYLOR & COMPANY,"           103,386,844.00",5,Y,1,,,Approved,05/20/2026,07/22/2026,103386844.0,$100-500M,5,True,True
125081,"SYCAMORE INVESTMENT CONSULTING SERVICES, LLC","           159,553,914.00",2,N,0,WI,MADISON,Approved,12/03/2025,12/15/2025,159553914.0,$100-500M,2,False,True
125217,THE MARIN GROUP INC.,"           128,065,838.00",2,Y,1,GA,ATLANTA,Approved,08/05/2026,08/07/2026,128065838.0,$100-500M,2,True,True
125254,"RECHTER WEALTH MANAGEMENT, LLC","           133,503,749.00",2,Y,1,,,Approved,04/03/2026,04/15/2026,133503749.0,$100-500M,2,True,True
125484,"GARHWAL, CHAN & WILLIAMS INC.","           133,595,574.00",2,Y,1,CA,SAN FRANCISCO,Approved,11/18/2025,01/26/2026,133595574.0,$100-500M,2,True,True
125494,CORNERSTONE FINANCIAL,"           118,000,000.00",3,Y,1,GA,ATLANTA,Approved,04/10/2026,06/29/2026,118000000.0,$100-500M,3,True,True
125607,"BLUE GRANITE CAPITAL, LLC","           108,773,163.00",3,Y,2,SC,CHARLESTON,Approved,04/14/2026,03/18/2026,108773163.0,$100-500M,3,True,True
125647,"PASNAU INVESTMENT MANAGEMENT, INC.","           128,752,000.00",3,Y,3,,,Approved,11/19/2025,08/24/2026,128752000.0,$100-500M,3,True,True
125706,"STAIB FINANCIAL PLANNING, LLC","           118,021,052.00",1,Y,5,,,Approved,02/05/2026,01/06/2026,118021052.0,$100-500M,1,True,True
125800,"ALPHA FINANCIAL MANAGEMENT, INC.","           109,376,177.00",4,Y,5,GA,SAVANNAH,Approved,04/08/2026,04/16/2026,109376177.0,$100-500M,4,True,True
125964,"FIVE MILE RIVER INVESTMENT MANAGEMENT, LLC","           108,692,772.00",4,Y,2,,,Approved,06/25/2026,06/29/2026,108692772.0,$100-500M,4,True,True
126051,KOON FINANCIAL PLANNING & CONSULTING/KFP&C,"           146,915,865.00",2,Y,2,IN,GREENWOOD,Approved,09/12/2025,03/10/2026,146915865.0,$100-500M,2,True,True
126849,APPLE & ASSOCIATES,"           137,703,665.00",4,Y,5,CA,GRASS VALLEY,Approved,01/26/2026,03/04/2026,137703665.0,$100-500M,4,True,True
127469,"INNOVATIVE FINANCIAL, LLC","           105,290,978.00",3,Y,4,CO,LAKEWOOD,Approved,02/06/2026,07/01/2026,105290978.0,$100-500M,3,True,True
128395,"KANOS CAPITAL MANAGEMENT, LLC","           133,205,240.00",3,Y,2,TX,HOUSTON,Approved,05/11/2026,04/17/2026,133205240.0,$100-500M,3,True,True
128409,"CONDON WEALTH MANAGEMENT, INC.","           122,106,202.00",4,Y,2,MA,PLYMOUTH,Approved,06/29/2026,07/23/2026,122106202.0,$100-500M,4,True,True
128414,"GARDEN STATE RETIREMENT SPECIALISTS, LLC","           109,308,243.00",3,N,0,NJ,RED BANK,Approved,11/19/2025,02/16/2026,109308243.0,$100-500M,3,False,True
128809,"SCHLOSSER FINANCIAL SERVICES, INC.","           108,000,000.00",1,N,0,,,Approved,01/26/2026,08/10/2026,108000000.0,$100-500M,1,False,True
128811,ASHWOOD ADVISORS,"           126,948,136.00",3,Y,1,MA,MEDFIELD,Approved,04/29/2026,06/30/2026,126948136.0,$100-500M,3,True,True
128995,"YDREAM FINANCIAL SERVICES, INC.","           128,096,359.00",1,Y,6,,,Approved,08/26/2025,03/31/2026,128096359.0,$100-500M,1,True,True
129022,HARBOR LIGHT PLANNING,"           111,081,100.00",1,Y,3,,,Approved,05/29/2026,05/01/2026,111081100.0,$100-500M,1,True,True
129337,"GVS FINANCIAL GROUP, INC.","           117,976,208.00",1,N,0,,,Approved,03/19/2026,02/16/2026,117976208.0,$100-500M,1,False,True
129367,S&F INVESTMENT ADVISORS,"           106,368,400.00",2,N,0,CA,ENCINO,Approved,06/01/2026,05/29/2026,106368400.0,$100-500M,2,False,True
130143,PEARSON FINANCIAL SERVICES,"           885,000,000.00",8,Y,1,MA,DENNIS,Approved,08/21/2026,08/17/2026,885000000.0,$500M-1B,8,True,True
130422,"INTEGRITY WEALTH MANAGEMENT, LLC","           111,087,065.00",3,Y,5,,,Approved,12/02/2025,06/05/2026,111087065.0,$100-500M,3,True,True
130729,CS ADVISORS INC.,"           118,044,036.00",3,Y,1,FL,BOCA RATON,Approved,01/23/2026,02/13/2026,118044036.0,$100-500M,3,True,True
130769,HARTLEY ADVISORS CORP.,"           118,678,000.00",3,Y,1,,,Approved,11/19/2025,07/28/2026,118678000.0,$100-500M,3,True,True
130842,"ALPHA PLANNING AND FINANCIAL SERVICES, INC.","           112,753,128.00",5,Y,4,OH,SOLON,Approved,01/15/2026,06/11/2026,112753128.0,$100-500M,5,True,True
130882,SALTBOX FINANCIAL LLC,"           104,556,134.00",5,Y,3,NH,PORTSMOUTH,Approved,08/05/2026,07/02/2026,104556134.0,$100-500M,5,True,True
131425,FINANCIAL EMPOWERMENT LLC,"           126,374,281.00",2,Y,1,MN,BURNSVILLE,Approved,04/30/2026,03/31/2026,126374281.0,$100-500M,2,True,True
131666,"BELLEAIR WEALTH MANAGEMENT, LLC","           111,159,804.00",6,Y,4,FL,BELLEAIR BLUFFS,Approved,12/09/2025,03/18/2026,111159804.0,$100-500M,6,True,True
132024,PALADIN PARTNERS,"           198,517,308.00",2,Y,2,WI,HARTLAND,Approved,07/23/2026,08/12/2026,198517308.0,$100-500M,2,True,True
132113,"HORIZON CAPITAL MANAGEMENT, LLC","           136,184,309.00",1,Y,1,IL,LAKE FOREST,Approved,08/08/2025,03/12/2026,136184309.0,$100-500M,1,True,True
132369,"WASHINGTON FINANCIAL GROUP, INC.","           119,042,191.00",2,N,0,MA,OSTERVILLE,Approved,07/02/2026,07/06/2026,119042191.0,$100-500M,2,False,True
132827,"RALL CAPITAL MANAGEMENT, INC.","           122,740,098.00",3,Y,5,FL,ROCKLEDGE,Approved,04/27/2026,03/26/2026,122740098.0,$100-500M,3,True,True
133181,"COLLEEN WEBER CPA, LLC","           120,611,435.00",2,Y,4,MN,CHANHASSEN,Approved,07/23/2026,07/07/2026,120611435.0,$100-500M,2,True,True
133918,HARLOW CAPITAL MANAGEMENT LLC,"           132,865,204.00",1,Y,2,,,Approved,05/19/2026,08/28/2026,132865204.0,$100-500M,1,True,True
134318,CHAPPELWOOD FINANCIAL SERVICES,"           113,083,313.00",3,Y,5,OK,EDMOND,Approved,04/16/2026,04/07/2026,113083313.0,$100-500M,3,True,True
134374,KB FINANCIAL ADVISORS LLC,"           115,482,021.00",4,Y,4,CA,SAN FRANCISCO,Approved,01/22/2026,02/23/2026,115482021.0,$100-500M,4,True,True
134486,"FOREVER FINANCIAL ADVISORS, LLC","            72,204,280.00",1,Y,2,,,Approved,08/04/2025,03/30/2026,72204280.0,$25-100M,1,True,True
134578,"HEATON FINANCIAL, PC","           140,139,000.00",2,Y,4,UT,CEDAR CITY,Approved,08/06/2026,08/13/2026,140139000.0,$100-500M,2,True,True
134804,NCU INVESTMENT SOLUTIONS,"           107,551,908.00",8,Y,3,RI,SMITHFILED,Approved,07/23/2026,07/06/2026,107551908.0,$100-500M,8,True,True
134813,VAN WINKLE WEALTH MANAGEMENT GROUP LLC,"           120,793,535.00",1,Y,3,OH,NEWARK,Approved,06/04/2026,06/29/2026,120793535.0,$100-500M,1,True,True
134943,"A SLING & A STONE, INCORPORATED","           102,058,435.00",4,Y,1,TX,BURNET,Approved,12/11/2025,07/15/2026,102058435.0,$100-500M,4,True,True
135478,"BRACKENWOOD CAPITAL MANAGEMENT, LLC","           126,631,575.00",2,Y,2,WA,BAINBRIDGE ISLAND,Approved,05/15/2026,05/18/2026,126631575.0,$100-500M,2,True,True
135813,PURPOSEFUL FINANCIAL AND LEGACY PLANNING,"           107,088,335.00",5,Y,5,,,Approved,02/25/2026,02/19/2026,107088335.0,$100-500M,5,True,True
136020,"LIFEFOCUS FINANCIAL ADVISORS, LLC","           103,509,339.00",2,Y,1,WA,WALLA WALLA,Approved,07/06/2026,06/16/2026,103509339.0,$100-500M,2,True,True
136154,MORK CAPITAL MANAGEMENT,"           198,515,718.00",3,Y,1,CA,HEALDSBURG,Approved,06/01/2026,08/03/2026,198515718.0,$100-500M,3,True,True
136480,PETRIE CAPITAL MANAGEMENT LLC.,"           105,181,953.00",1,Y,2,WA,SEATTLE,Approved,08/11/2025,02/20/2026,105181953.0,$100-500M,1,True,True
137346,"LANG & BECKER, INC.","           123,184,004.00",2,N,0,MO,WASHINGTON,Approved,05/04/2026,04/09/2026,123184004.0,$100-500M,2,False,True
137530,"AK GLOBAL ASSET MANAGEMENT, LLC","           117,775,139.00",2,Y,1,CA,OAKLAND,Approved,11/17/2025,02/18/2026,117775139.0,$100-500M,2,True,True
137770,PRIVATE WEALTH MANAGEMENT LLC,"           126,232,643.00",1,N,0,,,Approved,11/25/2025,03/03/2026,126232643.0,$100-500M,1,False,True
138087,SALVINI FINANCIAL PLANNING,"           116,154,534.00",2,Y,2,,,Approved,04/23/2026,06/16/2026,116154534.0,$100-500M,2,True,True
138112,QUANTUM FINANCIAL PARTNERS LLC,"           148,559,060.00",9,Y,6,KS,OVERLAND PARK,Approved,02/26/2026,06/17/2026,148559060.0,$100-500M,9,True,True
138143,"PRINCIPLED WEALTH ADVISORS, LLC","           252,109,486.00",5,Y,4,KY,COVINGTON,Approved,05/26/2026,06/22/2026,252109486.0,$100-500M,5,True,True
139125,THE ADVISORY FIRM,"           126,393,156.00",1,Y,5,GA,ALPHARETTA,Approved,07/22/2026,07/01/2026,126393156.0,$100-500M,1,True,True
139400,OAK STREET ADVISORS,"           126,212,626.00",2,Y,1,SC,MYRTLE BEACH,Approved,03/30/2026,05/14/2026,126212626.0,$100-500M,2,True,True
139403,GFN CAPITAL MANAGEMENT,"           120,053,264.00",5,Y,5,TX,RICHARDSON,Approved,07/08/2026,07/07/2026,120053264.0,$100-500M,5,True,True
139475,SKLOFF FINANCIAL GROUP,"           114,000,135.00",1,Y,6,,,Approved,11/21/2025,08/11/2026,114000135.0,$100-500M,1,True,True
139518,"BRIDGELIGHT FINANCIAL ADVISORS, INC","           150,777,009.00",3,Y,4,CT,SHELTON,Approved,09/15/2025,03/03/2026,150777009.0,$100-500M,3,True,True
139891,"STONEPINE CAPITAL MANAGEMENT, LLC","           181,001,870.00",4,Y,1,OR,BEND,Approved,07/22/2026,06/26/2026,181001870.0,$100-500M,4,True,True
140285,"FINANCIAL ACTION, INC.","           100,278,633.00",6,Y,5,CO,MONUMENT,Approved,04/27/2026,06/11/2026,100278633.0,$100-500M,6,True,True
140514,"LEGACY FINANCIAL SERVICES GROUP, INC.","           122,816,278.00",2,Y,3,MI,TRAVERSE CITY,Approved,06/18/2026,05/19/2026,122816278.0,$100-500M,2,True,True
140568,"SCOTIA PARTNERS, LLC","           110,730,178.00",3,Y,1,,,Approved,07/17/2026,07/29/2026,110730178.0,$100-500M,3,True,True
141036,INDEX FINANCIAL ADVISORS LLC,"           125,604,909.00",1,N,0,,,Approved,08/11/2026,08/05/2026,125604909.0,$100-500M,1,False,True
141738,"BLUE HAVEN CAPITAL, LLC","           121,500,000.00",2,Y,4,IL,GENEVA,Approved,01/07/2026,03/27/2026,121500000.0,$100-500M,2,True,True
142109,"J.P. CAPITAL MANAGEMENT, INC.","           166,598,986.00",1,Y,2,OR,EUGENE,Approved,07/13/2026,06/22/2026,166598986.0,$100-500M,1,True,True
142841,"DC CAPITAL MANAGEMENT, LLC","           107,009,732.00",3,Y,4,,,Approved,07/06/2026,08/14/2026,107009732.0,$100-500M,3,True,True
143049,"WILLIAMS AND SCHILLER WEALTH MANAGEMENT, LLC","           120,669,000.00",2,Y,1,ID,SANDPOINT,Approved,04/27/2026,03/12/2026,120669000.0,$100-500M,2,True,True
143052,"SCHUYLKILL FINANCIAL, LLC","           123,631,702.00",2,Y,4,PA,WYOMISSING,Approved,04/08/2026,03/09/2026,123631702.0,$100-500M,2,True,True
143352,"REALITY FINANCIAL PLANNING SERVICES, LLC","           125,936,912.00",2,Y,1,FL,SARASOTA,Approved,11/13/2025,03/20/2026,125936912.0,$100-500M,2,True,True
143916,"NORTHFORT FINANCIAL, LLC","           118,622,569.00",4,Y,2,,,Approved,03/20/2026,05/13/2026,118622569.0,$100-500M,4,True,True
144039,J. FREEMAN & ASSOCIATES,"           175,000,000.00",2,Y,2,SC,GREENVILLE,Approved,02/23/2026,05/14/2026,175000000.0,$100-500M,2,True,True
144290,"CERTIS CAPITAL MANAGEMENT, INC.","           255,928,370.00",7,Y,2,CA,SANTA BARBARA,Approved,03/17/2026,03/26/2026,255928370.0,$100-500M,7,True,True
144340,ARM FINANCIAL LLC,"            49,000,000.00",1,Y,5,,,Approved,12/09/2025,01/16/2026,49000000.0,$25-100M,1,True,True
144846,"IMBER FINANCIAL GROUP, LLC","           106,038,540.00",8,Y,6,MI,ANN ARBOR,Approved,08/07/2026,08/25/2026,106038540.0,$100-500M,8,True,True
144985,SIP FINANCIAL SERVICES,"            28,165,682.00",1,Y,1,NY,GLENVILLE,Approved,06/23/2026,06/18/2026,28165682.0,$25-100M,1,True,True
145127,PEGASUS FINANCIAL GROUP LLC,"           122,320,436.00",4,Y,2,VA,CHANTILLY,Approved,04/22/2026,05/18/2026,122320436.0,$100-500M,4,True,True
145318,"BLUE SKY INVESTMENT PARTNERS, INC.","           118,017,737.00",1,Y,1,IL,EVANSTON,Approved,05/08/2026,08/13/2026,118017737.0,$100-500M,1,True,True
145664,PEBBLE VALLEY WEALTH MANAGEMENT,"           129,482,696.00",3,Y,5,IL,WESTERN SPRINGS,Approved,04/27/2026,04/27/2026,129482696.0,$100-500M,3,True,True
145791,"AMERICAN WEALTH ADVISORS, LLC","           120,170,823.00",3,Y,2,GA,JOHNS CREEK,Approved,04/24/2026,08/17/2026,120170823.0,$100-500M,3,True,True
146210,"KMF INVESTMENTS MANAGEMENT, LLC","           145,965,000.00",4,Y,1,,,Approved,08/10/2026,08/07/2026,145965000.0,$100-500M,4,True,True
146265,"NAVIGO WEALTH MANAGEMENT, LLC","           129,911,187.00",6,Y,4,,,Approved,03/02/2026,04/20/2026,129911187.0,$100-500M,6,True,True
146626,"NORTH COMPASS FINANCIAL ADVISORS, LLC","           145,961,708.00",4,Y,1,MN,GRAND RAPIDS,Approved,08/05/2026,07/24/2026,145961708.0,$100-500M,4,True,True
146633,JORDAN FINANCIAL LIFE PLANNING,"           107,087,243.00",3,Y,2,WI,KENOSHA,Approved,06/25/2026,07/08/2026,107087243.0,$100-500M,3,True,True
146636,"FAIRWAY ASSET MANAGEMENT, LLC","           117,360,392.00",4,Y,3,NE,OMAHA,Approved,09/16/2025,03/30/2026,117360392.0,$100-500M,4,True,True
146674,"TRG CAPITAL MANAGEMENT, INC.","           118,233,904.00",5,Y,3,NC,RALEIGH,Approved,07/23/2026,08/17/2026,118233904.0,$100-500M,5,True,True
146786,"TRIAD INVESTMENT MANAGEMENT, LLC","           119,542,078.00",2,Y,5,CA,NEWPORT BEACH,Approved,04/29/2026,06/16/2026,119542078.0,$100-500M,2,True,True
147139,MIDWAY CAPITAL RESEARCH & MANAGEMENT LLC,"           110,375,561.00",2,Y,2,IL,CHICAGO,Approved,07/17/2026,06/17/2026,110375561.0,$100-500M,2,True,True
148326,"SUPERIOR FINANCIAL, LLC","           112,181,935.00",1,Y,5,MN,ROCHESTER,Approved,05/27/2026,04/24/2026,112181935.0,$100-500M,1,True,True
148411,ZENDAMENTALS,"           160,710,806.00",1,Y,7,IL,CHICAGO,Approved,11/17/2025,02/20/2026,160710806.0,$100-500M,1,True,True
148457,"BRIGHTON WEALTH MANAGEMENT, INC.","           131,876,184.00",5,Y,2,UT,COTTONWOOD HEIGHTS,Approved,08/19/2026,07/28/2026,131876184.0,$100-500M,5,True,True
148549,"ZUCKERMAN CAPITAL MANAGEMENT, LLC","           123,492,879.00",2,Y,2,CA,LOS ANGELES,Approved,03/18/2026,04/23/2026,123492879.0,$100-500M,2,True,True
148880,"FULLERTON ADVISORS, LLC","           120,394,113.00",1,Y,4,CA,DANVILLE,Approved,11/13/2025,01/28/2026,120394113.0,$100-500M,1,True,True
149034,"FAIRWAY INVESTMENT GROUP, LLC","           107,053,311.00",27,Y,1,MI,EAST LANSING,Approved,08/18/2026,08/14/2026,107053311.0,$100-500M,27,True,True
149078,"MTR FINANCIAL SERVICES, LLC","           119,929,814.00",1,Y,4,TX,KINGWOOD,Approved,04/29/2026,05/04/2026,119929814.0,$100-500M,1,True,True
149172,"FUERST FINANCIAL GROUP, INC.","           100,887,398.00",2,Y,4,TN,CHATTANOOGA,Approved,06/15/2026,06/12/2026,100887398.0,$100-500M,2,True,True
149307,VCM WEALTH,"           104,770,049.00",2,Y,4,,,Approved,03/25/2026,02/24/2026,104770049.0,$100-500M,2,True,True
149447,"FRUGE' CAPITAL ADVISORS, LLC (FORMERLY OXFORD INVESTMENT ADV)","           141,208,889.00",2,Y,1,MS,OXFORD,Approved,05/14/2026,05/06/2026,141208889.0,$100-500M,2,True,True
149665,CRUX CAPITAL LTD,"           427,647,890.00",10,Y,2,TX,DALLAS,Approved,08/14/2026,08/11/2026,427647890.0,$100-500M,10,True,True
149728,"YUNISTONE INVESTMENT GROUP, LLC","           119,502,522.00",1,Y,1,IL,CHICAGO,Approved,08/20/2025,02/10/2026,119502522.0,$100-500M,1,True,True
149980,"DALY INVESTMENT MANAGEMENT, LLC","           123,548,761.00",1,Y,1,IL,MOUNT PROSPECT,Approved,06/04/2026,06/10/2026,123548761.0,$100-500M,1,True,True
149999,INTEGRA WEALTH,"           116,465,458.00",2,Y,1,TN,CHATTANOOGA,Approved,06/04/2026,05/04/2026,116465458.0,$100-500M,2,True,True
150079,MATHIES FINANCIAL PARTNERS,"           103,963,088.00",4,Y,3,CO,PUEBLO,Approved,07/16/2026,07/16/2026,103963088.0,$100-500M,4,True,True
150342,"KAIROS CAPITAL MANAGEMENT, LLC","           105,940,110.00",1,Y,1,WA,BELLEVUE,Approved,01/30/2026,02/11/2026,105940110.0,$100-500M,1,True,True
150430,BAS CAPITAL,"           117,010,925.00",2,N,0,,,Approved,07/22/2026,07/22/2026,117010925.0,$100-500M,2,False,True
150471,"DW INVESTMENT SOLUTIONS, INC.","           111,409,050.00",3,N,0,,,Approved,06/22/2026,06/18/2026,111409050.0,$100-500M,3,False,True
150601,HOLM & CAWLEY FINANCIAL GROUP LLC,"           128,816,000.00",5,Y,1,NV,LAS VEGAS,Approved,03/13/2026,03/04/2026,128816000.0,$100-500M,5,True,True
151640,EVANS WEALTH MANAGEMENT,"           111,071,559.00",2,Y,4,GA,DULUTH,Approved,03/19/2026,02/17/2026,111071559.0,$100-500M,2,True,True
151976,"GENESIS ADVISORS, LLC","           121,222,670.00",4,Y,3,IN,FISHERS,Approved,12/02/2025,02/06/2026,121222670.0,$100-500M,4,True,True
152180,"INFINITY 8 INVESTMENTS, LLC","           123,937,287.00",1,Y,1,CA,CUPERTINO,Approved,08/06/2026,08/17/2026,123937287.0,$100-500M,1,True,True
152361,ESMEB INC,"                26,364.00",1,Y,2,,,Approved,12/17/2025,06/12/2026,26364.0,<$25M,1,True,True
152524,CAPSTONE WEALTH PARTNERS,"           114,862,553.00",4,Y,5,OH,DUBLIN,Approved,03/31/2026,06/15/2026,114862553.0,$100-500M,4,True,True
152582,"C.L. SHELDON & COMPANY, LLC","           110,683,215.00",10,Y,8,,,Approved,07/17/2026,06/18/2026,110683215.0,$100-500M,10,True,True
152609,FLETCHER FINANCIAL GROUP,"           133,000,000.00",5,Y,1,LA,WEST MONROE,Approved,03/05/2026,03/02/2026,133000000.0,$100-500M,5,True,True
152687,"O'CONNOR CAPITAL ADVISORY, LLC","           112,136,990.00",1,Y,1,AZ,SCOTTSDALE,Approved,08/05/2026,07/02/2026,112136990.0,$100-500M,1,True,True
152998,"UNDERDOG WEALTH MANAGEMENT, LLC","           111,880,222.00",2,Y,5,MN,MAPLE GROVE,Approved,07/01/2026,06/30/2026,111880222.0,$100-500M,2,True,True
153074,"COMMON CENTS WEALTH MANAGEMENT, LLC","           113,726,879.00",2,Y,1,FL,PEMBROKE PINES,Approved,07/17/2026,07/27/2026,113726879.0,$100-500M,2,True,True
153458,FINANCIAL AVENUES,"           147,618,248.00",4,Y,4,,,Approved,12/12/2025,03/31/2026,147618248.0,$100-500M,4,True,True
153496,"DAVIS CAPITAL ADVISORS, LLC","            46,860,690.00",2,Y,1,NY,NEW YORK,Approved,09/25/2025,03/31/2026,46860690.0,$25-100M,2,True,True
153930,"FINANCIAL PLANNING HAWAII, INC.","           382,363,817.00",5,Y,4,HI,HONOLULU,Approved,02/06/2026,02/17/2026,382363817.0,$100-500M,5,True,True
154016,"PROFESSIONAL FINANCIAL MANAGEMENT, INC.","           115,520,555.00",5,Y,3,WI,APPLETON,Approved,01/21/2026,03/18/2026,115520555.0,$100-500M,5,True,True
154036,"ATON ADVISORS, LLC","           116,366,607.00",2,Y,2,,,Approved,03/17/2026,02/13/2026,116366607.0,$100-500M,2,True,True
154056,COMMENCEMENT FINANCIAL PLANNING LLC,"           121,700,000.00",1,Y,1,,,Approved,04/03/2026,03/23/2026,121700000.0,$100-500M,1,True,True
154160,PACIFIC FINANCIAL ADVISORS,"           110,181,436.00",6,Y,1,WA,BELLEVUE,Approved,06/08/2026,06/26/2026,110181436.0,$100-500M,6,True,True
154974,TWIN CITIES  RETIREMENT GROUP,"           144,901,181.00",3,Y,3,MN,PLYMOUTH,Approved,03/12/2026,04/20/2026,144901181.0,$100-500M,3,True,True
155169,EBERT CAPITAL MANAGEMENT INC.,"           116,304,266.00",3,Y,1,CA,EUREKA,Approved,05/04/2026,05/11/2026,116304266.0,$100-500M,3,True,True
155578,"LINCOLN DOUGLAS INVESTMENTS, LLC","           130,549,335.00",27,Y,4,OH,MOUNT VERNON,Approved,04/17/2026,03/24/2026,130549335.0,$100-500M,27,True,True
155725,"CDP FINANCIAL GROUP, LLC","           100,463,661.00",2,Y,1,CO,LITTLETON,Approved,03/27/2026,03/25/2026,100463661.0,$100-500M,2,True,True
155890,AXIA WEALTH MANAGEMENT INC,"           148,002,969.00",3,Y,2,OR,BEND,Approved,08/06/2026,07/14/2026,148002969.0,$100-500M,3,True,True
156216,"INTEGRA WEALTH ADVISORS, LLC","           117,322,316.00",3,Y,2,TX,HOUSTON,Approved,08/11/2026,08/10/2026,117322316.0,$100-500M,3,True,True
156462,"WITT FINANCIAL GROUP, LLC","           160,466,246.00",6,Y,4,TN,CROSSVILLE,Approved,03/18/2026,03/20/2026,160466246.0,$100-500M,6,True,True
156685,"MWA INVESTMENTS, LLC","           250,409,031.00",1,N,0,VA,WHITE STONE,Approved,04/09/2026,03/16/2026,250409031.0,$100-500M,1,False,True
156730,"TWEET MANAGEMENT SERVICES, INC.","           120,500,000.00",1,Y,2,CA,LA MESA,Approved,04/15/2026,04/14/2026,120500000.0,$100-500M,1,True,True
156856,"MAGGI INVESTMENT SERVICES, LLC","           154,000,000.00",3,Y,2,FL,OLDMAR,Approved,06/22/2026,07/21/2026,154000000.0,$100-500M,3,True,True
157405,WAX ASSET MANAGEMENT LLC,"           181,212,966.00",1,Y,1,,,Approved,04/13/2026,03/12/2026,181212966.0,$100-500M,1,True,True
157432,RYAN POAGE & CO.,"           114,196,904.00",3,Y,3,MO,KANSAS CITY,Approved,04/14/2026,06/16/2026,114196904.0,$100-500M,3,True,True
157870,"COLBURN WEALTH MANAGEMENT, LLC","           116,170,000.00",4,Y,6,OH,GROVE CITY,Approved,07/23/2026,06/23/2026,116170000.0,$100-500M,4,True,True
157922,"NORTH RUN CAPITAL, LP","           334,540,005.00",4,Y,1,MA,BOSTON,Approved,07/23/2026,07/07/2026,334540005.0,$100-500M,4,True,True
157930,SETARCOS WEALTH ADVISORS LLC,"           111,675,224.00",3,Y,3,PA,PHILADELPHIA,Approved,04/09/2026,05/18/2026,111675224.0,$100-500M,3,True,True
157966,RWR INVESTMENTS LLC,"           170,892,730.00",4,Y,2,TX,DALLAS,Approved,05/13/2026,05/07/2026,170892730.0,$100-500M,4,True,True
158134,"MEDIATE FINANCIAL INVESTMENT ADVISORY SERVICES, LLC","           106,407,368.00",3,Y,4,OH,CANFIELD,Approved,08/21/2026,08/11/2026,106407368.0,$100-500M,3,True,True
158147,"GOLDBERG FINANCIAL ADVISORS, LLC","           120,324,284.00",1,Y,2,CA,EL SEGUNDO,Approved,04/20/2026,04/28/2026,120324284.0,$100-500M,1,True,True
158412,"COMPASS RETIREMENT, LLC","           105,097,361.00",1,Y,3,,,Approved,04/24/2026,04/30/2026,105097361.0,$100-500M,1,True,True
158414,"GLC INVESTMENT ADVISORS, LLC","           245,861,000.00",1,Y,26,,,Approved,04/24/2026,04/30/2026,245861000.0,$100-500M,1,True,True
158573,"MIDWEST FINANCIAL ASSOCIATES, INC.","           123,922,245.00",4,N,0,IL,ROCKFORD,Approved,04/23/2026,07/07/2026,123922245.0,$100-500M,4,False,True
158732,SAGA FINANCIAL MANAGEMENT,"           107,000,000.00",1,Y,1,,,Approved,03/26/2026,03/26/2026,107000000.0,$100-500M,1,True,True
159192,FORTITUDE WEALTH MANAGEMENT,"           112,500,000.00",1,Y,4,TN,MURFREESBORO,Approved,12/22/2025,07/14/2026,112500000.0,$100-500M,1,True,True
159486,PATHFINDER PLANNING AND INVESTMENTS,"           122,347,930.00",2,Y,1,MT,MISSOULA,Approved,05/27/2026,08/21/2026,122347930.0,$100-500M,2,True,True
159568,FTV CAPITAL,"        11,858,092,963.00",119,Y,4,CA,SAN FRANCISCO,Approved,01/30/2026,01/02/2026,11858092963.0,>$1B,119,True,True
159966,"HILPAN MOXIE WEALTH MANAGEMENT, LLC","           100,359,897.00",1,Y,2,,,Approved,08/06/2026,08/07/2026,100359897.0,$100-500M,1,True,True
160019,QUABBIN ADVISORS,"           109,766,450.00",1,Y,3,MA,AMHERST,Approved,05/07/2026,06/04/2026,109766450.0,$100-500M,1,True,True
160186,"HOGAN INVESTMENT COUNSEL, LLC","           107,242,702.00",2,Y,2,TN,CORDOVA,Approved,03/13/2026,08/13/2026,107242702.0,$100-500M,2,True,True
160600,"VERITAS WEALTH MANAGEMENT, LLC","           135,839,004.00",1,Y,3,UT,SALT LAKE CITY,Approved,03/11/2026,02/09/2026,135839004.0,$100-500M,1,True,True
160979,"NOSURIS, INC.","            95,000,000.00",2,Y,2,NY,LYNBROOK,Approved,04/03/2026,06/02/2026,95000000.0,$25-100M,2,True,True
161054,SAWYER CAPITAL MANAGEMENT,"           124,876,998.00",1,Y,2,,,Approved,08/05/2026,07/29/2026,124876998.0,$100-500M,1,True,True
161087,"RIVERSTONE ASSET MANAGEMENT, LLC","           103,037,541.00",2,N,0,KY,LOUISVILLE,Approved,07/22/2026,06/23/2026,103037541.0,$100-500M,2,False,True
161160,"OCA VENTURES, LLC","           316,423,456.00",15,Y,3,IL,CHICAGO,Approved,04/30/2026,04/07/2026,316423456.0,$100-500M,15,True,True
161549,"WARWICK GROUP II, INC.","           369,833,283.00",1,Y,1,,,Approved,06/15/2026,04/30/2026,369833283.0,$100-500M,1,True,True
161631,PANTHEON,"         4,616,248,987.00",406,Y,6,,LONDON,Approved,02/12/2026,07/13/2026,4616248987.0,>$1B,406,True,True
161659,"COGENT INDEPENDENT ADVISORS, INC.","           112,445,743.00",6,Y,6,,,Approved,04/06/2026,04/14/2026,112445743.0,$100-500M,6,True,True
162231,BEYOND WEALTH,"           122,472,670.00",4,Y,8,KS,OVERLAND PARK,Approved,04/14/2026,05/08/2026,122472670.0,$100-500M,4,True,True
162237,FRONTAURA CAPITAL LLC,"           256,611,302.00",4,Y,1,IL,CHICAGO,Approved,08/01/2025,03/26/2026,256611302.0,$100-500M,4,True,True
162673,CRAVENS BROTHERS PRIVATE WEALTH MANAGEMENT LLC,"           139,300,000.00",2,Y,1,TX,DALLAS,Approved,05/08/2026,05/21/2026,139300000.0,$100-500M,2,True,True
163237,"NPM CONSULTING, LLC","           116,069,734.00",1,Y,1,,,Approved,04/29/2026,03/30/2026,116069734.0,$100-500M,1,True,True
163489,"FULCRUM EQUITY PARTNERS, INC.","         1,159,310,330.00",27,Y,3,GA,ATLANTA,Approved,04/10/2026,03/12/2026,1159310330.0,>$1B,27,True,True
163562,"RCN WEALTH ADVISORS, INC.","            74,529,000.00",1,Y,2,,,Approved,02/18/2026,04/29/2026,74529000.0,$25-100M,1,True,True
163762,MKT CAPITAL LLC,"           158,180,000.00",3,N,0,,,Approved,06/23/2026,05/21/2026,158180000.0,$100-500M,3,False,True
164203,"INVESTMENT MANAGERS GROUP, LLC","           116,757,023.00",2,Y,2,CA,TEMECULA,Approved,11/18/2025,03/23/2026,116757023.0,$100-500M,2,True,True
164327,WMS GROUP LLC,"           125,258,865.00",2,Y,1,,,Approved,03/30/2026,04/07/2026,125258865.0,$100-500M,2,True,True
164423,BOULEVARD,"           119,494,387.00",5,Y,1,MN,BLOOMINGTON,Approved,01/09/2026,04/22/2026,119494387.0,$100-500M,5,True,True
164428,APPLIED FINANCIAL WISDOM,"           130,250,000.00",1,Y,5,SD,RAPID CITY,Approved,01/12/2026,03/09/2026,130250000.0,$100-500M,1,True,True
165063,TRAIL FINANCIAL PLANNING LLC,"           117,334,223.00",4,Y,8,WA,BELLINGHAM,Approved,01/05/2026,03/11/2026,117334223.0,$100-500M,4,True,True
165190,"ARROW CAPITAL MANAGEMENT, LLC","           174,791,342.00",2,Y,1,NY,NEW YORK,Approved,06/03/2026,04/29/2026,174791342.0,$100-500M,2,True,True
165300,"COMPOUND ADVISORS, LLC","           732,278,497.00",7,Y,3,NY,NEW YORK,Approved,07/07/2026,06/04/2026,732278497.0,$500M-1B,7,True,True
165880,"STABILITY PARTNERS ADVISORY GROUP, LLC","           140,914,174.00",3,Y,6,TX,SPRING,Approved,07/06/2026,07/09/2026,140914174.0,$100-500M,3,True,True
165979,"MAP FUNDS MANAGEMENT, LLC","            25,785,114.00",4,N,0,MA,MARBLEHEAD,Approved,04/09/2026,05/04/2026,25785114.0,$25-100M,4,False,True
167288,"U.S. PRIVATE WEALTH, LLC","           200,327,081.00",3,Y,3,FL,PALM BEACH GARDENS,Approved,01/05/2026,03/20/2026,200327081.0,$100-500M,3,True,True
167297,ARETE WEALTH STRATEGISTS,"           133,741,614.00",2,Y,8,,BRISBANE,Approved,09/02/2025,03/30/2026,133741614.0,$100-500M,2,True,True
167335,"MAR WEALTH MANAGEMENT SERVICES, LLC","           125,115,200.00",3,Y,2,FL,WEST PALM BEACH,Approved,05/29/2026,06/04/2026,125115200.0,$100-500M,3,True,True
167576,"SIGNAL RIDGE CAPITAL PARTNERS, LLC","           113,558,122.00",4,Y,3,MA,FRAMINGHAM,Approved,12/04/2025,03/26/2026,113558122.0,$100-500M,4,True,True
167813,GIRA & GIRA INVESTMENT ADVISORS LLC,"           121,432,303.00",2,N,0,VA,HARRISONBURG,Approved,04/10/2026,04/16/2026,121432303.0,$100-500M,2,False,True
167867,LAMINAR WEALTH LLC,"           131,802,391.00",2,Y,5,MO,CLAYTON,Approved,04/10/2026,06/18/2026,131802391.0,$100-500M,2,True,True
167956,STANDARD PARTNERS LLC,"           108,273,868.00",2,N,0,MD,BETHESDA,Approved,09/15/2025,07/27/2026,108273868.0,$100-500M,2,False,True
168250,"STREAMSONG ADVISORS, LLC","           124,394,948.00",5,Y,3,MI,GRAND RAPIDS,Approved,04/02/2026,08/07/2026,124394948.0,$100-500M,5,True,True
168325,YAHARA WEALTH MANAGEMENT LLC,"           112,048,767.00",2,Y,3,WI,MADISON,Approved,01/05/2026,03/13/2026,112048767.0,$100-500M,2,True,True
168436,GRUPP FINANCIAL LLC,"           100,067,252.00",3,Y,1,WY,JACKSON,Approved,03/02/2026,01/22/2026,100067252.0,$100-500M,3,True,True
168542,RED SEVEN,"           104,395,000.00",4,Y,1,CA,ESCONDIDO,Approved,06/22/2026,06/23/2026,104395000.0,$100-500M,4,True,True
168578,"WEALTH ENGINEERS, LLC","           117,563,394.00",2,Y,4,CO,DENVER,Approved,03/04/2026,02/02/2026,117563394.0,$100-500M,2,True,True
168710,COBALT FINANCIAL PARTNERS LLC,"           108,069,000.00",1,N,0,,,Approved,08/20/2026,08/03/2026,108069000.0,$100-500M,1,False,True
168734,"CULTIVATION CAPITAL, LLC","           416,351,000.00",18,Y,5,MO,ST. LOUIS,Approved,05/12/2026,06/09/2026,416351000.0,$100-500M,18,True,True
168738,BEYOND YOUR HAMMOCK LLC,"           115,437,648.00",3,Y,4,MA,BOSTON,Approved,05/01/2026,06/24/2026,115437648.0,$100-500M,3,True,True
169002,DRIVE CAPITAL LLC,"         4,383,104,078.00",30,Y,7,OH,COLUMBUS,Approved,06/17/2026,06/17/2026,4383104078.0,>$1B,30,True,True
169100,PRECEDENT FINANCIAL STRATEGIES,"           111,451,980.00",3,Y,3,IN,INDIANAPOLIS,Approved,04/10/2026,04/14/2026,111451980.0,$100-500M,3,True,True
169289,"FLIGHT LINE FINANCIAL, LLC",                      .00,1,Y,3,NJ,PRINCETON,Approved,02/13/2026,06/24/2026,0.0,$0 reported,1,True,True
169362,"GOLDEN EAGLE STRATEGIES, LLC","            50,524,306.00",7,Y,5,FL,DELRAY BEACH,Approved,08/29/2025,03/24/2026,50524306.0,$25-100M,7,True,True
169364,TEN PEAKS PARTNERS L.L.C.,"           108,601,957.00",1,Y,3,MO,CLAYTON,Approved,04/17/2026,05/20/2026,108601957.0,$100-500M,1,True,True
169670,MOSAIC FI LLC,"           112,808,698.00",5,Y,5,IL,LINCOLNSHIRE,Approved,04/20/2026,04/22/2026,112808698.0,$100-500M,5,True,True
169799,APPLEWHITE & BUYS FINANCIAL ADVISORS,"           153,132,711.00",2,Y,2,TX,DALLAS,Approved,11/13/2025,03/26/2026,153132711.0,$100-500M,2,True,True
170046,"GRAETER WEALTH ADVISORS, LLC","           104,897,434.00",3,Y,1,KY,LOUISVILLE,Approved,02/13/2026,02/13/2026,104897434.0,$100-500M,3,True,True
170536,WISDOM WEALTH INVESTMENT ADVISORS LLC,"           138,796,319.00",2,Y,2,AZ,PHOENIX,Approved,05/11/2026,04/08/2026,138796319.0,$100-500M,2,True,True
170655,"SHELTER WEALTH STRATEGIES, LLC","           144,141,193.00",9,Y,2,TX,HOUSTON,Approved,03/02/2026,06/10/2026,144141193.0,$100-500M,9,True,True
170762,RYZOME INVESTMENT ADVISORS,"           116,095,598.00",2,Y,1,MI,OKEMOS,Approved,03/18/2026,06/07/2026,116095598.0,$100-500M,2,True,True
170886,MINKO WEALTH,"           119,090,347.00",3,Y,1,NY,BROOKLYN,Approved,07/10/2026,07/29/2026,119090347.0,$100-500M,3,True,True
171082,THREE OAKS WEALTH,"           100,005,394.00",3,Y,5,CA,GOLD RIVER,Approved,08/20/2026,07/21/2026,100005394.0,$100-500M,3,True,True
171271,RUNEY & ASSOCIATES WEALTH MANAGEMENT,"           104,796,418.00",3,Y,3,SC,MOUNT PLEASANT,Approved,03/20/2026,03/30/2026,104796418.0,$100-500M,3,True,True
171488,EGSI INVESTMENT MANAGEMENT,"           144,660,922.00",4,Y,4,OH,DUBLIN,Approved,07/17/2026,07/30/2026,144660922.0,$100-500M,4,True,True
171657,PEREA CAPITAL,"           164,185,986.00",1,Y,1,TX,HOUSTON,Approved,06/08/2026,06/08/2026,164185986.0,$100-500M,1,True,True
171884,JAYCO WEALTH MANAGEMENT,"           107,945,594.00",1,Y,3,,,Approved,07/15/2026,07/20/2026,107945594.0,$100-500M,1,True,True
172022,NUMERIXS INVESTMENT TECHNOLOGIES INC,"           400,000,000.00",5,Y,2,AZ,CHANDLER,Approved,08/05/2026,07/23/2026,400000000.0,$100-500M,5,True,True
172374,BOSTON PORTFOLIO ADVISERS,"           121,540,818.00",3,Y,2,MA,BOSTON,Approved,04/09/2026,07/13/2026,121540818.0,$100-500M,3,True,True
172464,MADRID RETIREMENT ADVISORS,"           184,242,890.00",2,Y,5,CA,MANHATTAN BEACH,Approved,03/25/2026,02/23/2026,184242890.0,$100-500M,2,True,True
172513,OWL VENTURES,"         2,503,637,298.00",20,Y,3,CA,SAN FRANCISCO,Approved,02/19/2026,03/16/2026,2503637298.0,>$1B,20,True,True
172519,"LAUREATE WEALTH MANAGEMENT, LLC","           121,931,019.00",6,Y,5,IL,GLEN ELLYN,Approved,04/29/2026,05/01/2026,121931019.0,$100-500M,6,True,True
173040,"FIRST LOOK CAPITAL MANAGEMENT, LLC","           121,890,687.00",1,Y,1,,,Approved,11/20/2025,02/09/2026,121890687.0,$100-500M,1,True,True
173067,NITOR CAPITAL MANAGEMENT,"           158,608,573.00",1,Y,1,NJ,ENGLEWOOD CLIFFS,Approved,07/22/2026,06/29/2026,158608573.0,$100-500M,1,True,True
173224,NEW WAVE FINANCIAL SERVICES,"           121,574,578.00",1,Y,4,,,Approved,11/14/2025,02/04/2026,121574578.0,$100-500M,1,True,True
173608,BUTTONWOOD GROUP ADVISORS LLC,"           240,177,026.00",4,Y,3,NY,UNIONDALE,Approved,02/23/2026,02/20/2026,240177026.0,$100-500M,4,True,True
173611,VERSATILE CAPITAL MANAGEMENT L.L.C.,"           130,067,939.00",3,Y,2,IL,CHICAGO,Approved,12/16/2025,03/27/2026,130067939.0,$100-500M,3,True,True
173691,COX & COOK WEALTH ADVISORS,"           119,548,123.00",4,Y,3,OH,DUBLIN,Approved,04/24/2026,05/27/2026,119548123.0,$100-500M,4,True,True
173730,"EAGLE CAPITAL ADVISORS, LLC","           102,973,611.00",2,Y,1,CT,MIDDLEBURY,Approved,06/05/2026,07/02/2026,102973611.0,$100-500M,2,True,True
174201,MILLENNIAL WEALTH ADVISORS,"           146,048,654.00",2,Y,3,,,Approved,05/14/2026,04/16/2026,146048654.0,$100-500M,2,True,True
174308,"J. L. PERKINS WEALTH MANAGEMENT, LLC","           142,180,370.00",8,Y,6,GA,MACON,Approved,05/26/2026,07/21/2026,142180370.0,$100-500M,8,True,True
174358,"JCN FINANCIAL & TAX ADVISORY GROUP, LLC","           130,490,896.00",7,Y,12,LA,BATON ROUGE,Approved,02/23/2026,06/09/2026,130490896.0,$100-500M,7,True,True
174401,"KVP CAPITAL ADVISORS, LP","           220,949,271.00",3,Y,1,,,Approved,08/20/2026,06/29/2026,220949271.0,$100-500M,3,True,True
174574,"COASTAL WEALTH ADVISORS, LLC","           106,620,193.00",2,Y,6,SC,JOHNS ISLAND,Approved,03/12/2026,08/12/2026,106620193.0,$100-500M,2,True,True
174633,"SYNERGY WEALTH MANAGEMENT, LLC","           127,112,499.00",3,Y,3,MI,GRAND RAPIDS,Approved,09/10/2025,03/30/2026,127112499.0,$100-500M,3,True,True
174673,"SULZBERGER CAPITAL ADVISORS, INC.","           117,053,746.00",2,Y,3,FL,MIAMI,Approved,06/12/2026,05/13/2026,117053746.0,$100-500M,2,True,True
174699,"BALANCED WEALTH MANAGEMENT, LLC.","           101,959,984.00",4,Y,4,RI,WEST WARWICK,Approved,04/08/2026,08/24/2026,101959984.0,$100-500M,4,True,True
175258,"BRIA CAPITAL GROUP, LLC","           155,129,219.00",5,Y,6,FL,WESLEY CHAPEL,Approved,12/09/2025,03/30/2026,155129219.0,$100-500M,5,True,True
175298,"PALANTE WEALTH ADVISORS, LLC","           115,500,287.00",5,Y,5,NJ,PENNINGTON,Approved,03/27/2026,06/08/2026,115500287.0,$100-500M,5,True,True
175348,"LDN WEALTH, LLC",                      .00,5,Y,3,FL,ORLANDO,Approved,12/18/2025,02/24/2026,0.0,$0 reported,5,True,True
177521,FUTURE BRIGHT,"           120,620,275.00",4,Y,3,MN,MAPLE GROVE,Approved,07/09/2026,07/27/2026,120620275.0,$100-500M,4,True,True
189512,"ARCWOOD FINANCIAL, LLC","           186,572,808.00",4,Y,4,AZ,PHOENIX,Approved,08/05/2026,07/16/2026,186572808.0,$100-500M,4,True,True
205511,GREENPORT CAPITAL ADVISORS,"           119,177,562.00",2,Y,2,MA,MARLBOROUGH,Approved,07/08/2026,06/10/2026,119177562.0,$100-500M,2,True,True
217511,"MODERNIST FINANCIAL, LLC","           113,275,149.00",5,Y,4,OR,PORTLAND,Approved,03/02/2026,08/19/2026,113275149.0,$100-500M,5,True,True
218512,"AGEMY WEALTH ADVISORS, LLC","           130,500,000.00",6,Y,6,CO,DEVER,Approved,11/14/2025,03/28/2026,130500000.0,$100-500M,6,True,True
226513,"MIDDLE STREET CAPITAL, LLC","           132,117,391.00",1,Y,3,NH,NEWFIELDS,Approved,06/01/2026,05/01/2026,132117391.0,$100-500M,1,True,True
226722,SUMMIT WEALTH MANAGEMENT LLC,"           120,089,915.00",3,Y,1,OH,AKRON,Approved,08/14/2025,05/04/2026,120089915.0,$100-500M,3,True,True
226733,WEALTHSHAPE LLC,"           109,423,270.00",1,Y,3,CT,WINDSOR,Approved,03/18/2026,03/27/2026,109423270.0,$100-500M,1,True,True
268789,MORNINGSIDE ASSET MANAGEMENT,"           135,571,550.00",4,Y,2,DE,WILMINGTON,Approved,06/08/2026,05/22/2026,135571550.0,$100-500M,4,True,True
270003,"WGS MANAGEMENT SERVICES, INC","            41,632,122.00",1,N,0,NY,ROCHESTER,Approved,04/10/2026,04/30/2026,41632122.0,$25-100M,1,False,True
277030,LOTUS ASSET MANAGEMENT LIMITED LIABILITY COMPANY,"           120,506,379.00",1,Y,4,,,Approved,03/20/2026,07/24/2026,120506379.0,$100-500M,1,True,True
277083,"EDEN ADVISORY SERVICES, LLC","            27,800,000.00",3,Y,1,NY,ALBANY,Approved,04/20/2026,04/13/2026,27800000.0,$25-100M,3,True,True
277148,"CATUM ADVISORY GROUP, LLC.","           128,644,000.00",4,Y,2,CT,WILTON,Approved,05/01/2026,03/30/2026,128644000.0,$100-500M,4,True,True
281209,"MULTIPLIER CAPITAL, LLC","           503,015,421.00",14,Y,2,DC,WASHINGTON,Approved,07/23/2026,06/30/2026,503015421.0,$500M-1B,14,True,True
281223,"PEAK FINANCIAL MANAGEMENT, INC.","           109,420,824.00",4,Y,2,CO,BROOMFIELD,Approved,11/18/2025,02/13/2026,109420824.0,$100-500M,4,True,True
281302,"LEACH, BICKMORE & WEISS WEALTH MANAGEMENT, LLC","           115,343,421.00",6,Y,20,WI,MADISON,Approved,04/06/2026,07/24/2026,115343421.0,$100-500M,6,True,True
281661,EVIDENT FINANCIAL,"           149,715,186.00",2,Y,2,PA,ERIE,Approved,04/06/2026,08/13/2026,149715186.0,$100-500M,2,True,True
281725,WEALTHNEST CAPITAL INC.,"            34,889,134.00",2,N,0,NY,STATEN ISLAND,Approved,05/04/2026,03/24/2026,34889134.0,$25-100M,2,False,True
281752,RJ PATTERSON GROUP,"           142,396,919.00",5,Y,4,CA,SAN DIEGO,Approved,06/22/2026,06/02/2026,142396919.0,$100-500M,5,True,True
281792,"ONE LIFE FINANCIAL GROUP, INC.","           117,982,819.00",6,Y,7,,,Approved,05/07/2026,04/27/2026,117982819.0,$100-500M,6,True,True
281814,"TIDEHAVEN WEALTH, LLC","           124,983,821.00",2,Y,2,SC,MOUNT PLEASANT,Approved,03/12/2026,07/16/2026,124983821.0,$100-500M,2,True,True
281828,"GUIDE ADVISORS, INC.",                      .00,5,Y,12,WA,BOTHELL,Approved,01/06/2026,08/24/2026,0.0,$0 reported,5,True,True
282041,PROSPERITEA PLANNING,"           176,890,177.00",4,Y,5,MA,GREENFIELD,Approved,08/21/2025,07/30/2026,176890177.0,$100-500M,4,True,True
282230,FINANCIAL ZEN,"           167,610,372.00",4,Y,7,CA,SAN FRANCISCO,Approved,07/22/2026,07/06/2026,167610372.0,$100-500M,4,True,True
282443,MCKINLEY FINANCIAL,"           117,248,954.00",4,Y,2,PA,BROOKVILLE,Approved,05/26/2026,05/11/2026,117248954.0,$100-500M,4,True,True
282463,"PACIFIC SPECIALTY INVESTMENT GROUP, LLC","           123,212,802.00",2,Y,1,CA,NEWPORT BEACH,Approved,06/26/2026,08/04/2026,123212802.0,$100-500M,2,True,True
282566,SEAGULL LANE ASSET MANAGEMENT LLC,"           207,934,000.00",4,Y,2,CA,HUNTINGTON BEACH,Approved,08/05/2026,08/28/2026,207934000.0,$100-500M,4,True,True
282631,TRINITY NECHES,"           120,387,810.00",2,N,0,,,Approved,05/21/2026,04/22/2026,120387810.0,$100-500M,2,False,True
282760,"II TECHNOLOGY, LLC","            40,486,132.00",2,Y,5,TX,AUSTIN,Approved,02/06/2026,03/30/2026,40486132.0,$25-100M,2,True,True
282764,"TRIPLE SUMMIT ADVISORS, LLC","           108,473,568.00",2,Y,6,,,Approved,03/26/2026,04/07/2026,108473568.0,$100-500M,2,True,True
282979,TQM WEALTH PARTNERS,"           123,716,769.00",4,Y,8,MA,MARBLEHEAD,Approved,06/11/2026,05/12/2026,123716769.0,$100-500M,4,True,True
283031,"EIGHT PARTNERS VC, LLC","        13,379,484,700.00",69,Y,7,TX,AUSTIN,Approved,01/02/2026,04/16/2026,13379484700.0,>$1B,69,True,True
283040,"OLYMPUS PEAKS FINANCIAL, LLC","           141,443,347.00",1,Y,4,UT,SANDY,Approved,01/21/2026,01/21/2026,141443347.0,$100-500M,1,True,True
283046,DOMESTIQUE CAPITAL LLC,"           102,362,447.00",2,Y,3,,,Approved,03/23/2026,02/20/2026,102362447.0,$100-500M,2,True,True
283119,"SCHAUER INVESTMENT MANAGEMENT, INC.","           119,744,010.00",4,N,0,CA,NORTHRIDGE,Approved,07/17/2026,08/17/2026,119744010.0,$100-500M,4,False,True
283124,ROBERT CHARLES CAPITAL MANAGEMENT,"           110,324,702.00",1,N,0,MI,GRAND RAPIDS,Approved,08/19/2026,08/06/2026,110324702.0,$100-500M,1,False,True
283315,VENTURE FORTH FINANCIAL,"           105,011,667.00",1,Y,1,,,Approved,04/29/2026,03/30/2026,105011667.0,$100-500M,1,True,True
283512,"LIFESTYLE FREEDOM ADVISORY GROUP, LLC","           156,824,991.00",5,Y,9,FL,BRADENTON,Approved,08/21/2025,03/12/2026,156824991.0,$100-500M,5,True,True
283525,WOLFGANG CAPITAL,"           128,884,000.00",5,Y,10,CA,TEMECULA,Approved,08/18/2025,02/17/2026,128884000.0,$100-500M,5,True,True
283764,"WEALTHRISE FINANCIAL PLANNING, LLC","           136,033,057.00",2,Y,3,CA,CARLSBAD,Approved,12/12/2025,03/27/2026,136033057.0,$100-500M,2,True,True
283773,"SOUTH TEXAS CAPITAL ADVISORS, LLC","           167,230,485.00",2,Y,1,TX,NEW BRAUNFELS,Approved,06/24/2026,06/24/2026,167230485.0,$100-500M,2,True,True
283774,"PATHWAY WEALTH MANAGEMENT, LLC","           116,022,199.00",1,N,0,TX,DALLAS,Approved,04/06/2026,05/07/2026,116022199.0,$100-500M,1,False,True
283813,PATINA WEALTH,"           129,171,869.00",2,Y,4,,,Approved,08/21/2026,08/11/2026,129171869.0,$100-500M,2,True,True
283860,TRUE ABUNDANCE ADVISORS,"            31,951,134.00",1,Y,7,,,Approved,04/10/2026,03/10/2026,31951134.0,$25-100M,1,True,True
283871,BERNARD & JOHNSON FAMILY WEALTH MANAGEMENT,"           113,077,036.00",2,Y,1,CA,PASADENA,Approved,09/19/2025,07/02/2026,113077036.0,$100-500M,2,True,True
283882,"RABENOLD ADVISORS, INC.","            35,557,038.00",4,Y,1,NY,WILLIAMSVILLE,Approved,02/24/2026,03/04/2026,35557038.0,$25-100M,4,True,True
283887,SEEDSAFE FINANCIAL LLC,"           125,174,066.00",7,Y,6,,,Approved,09/22/2025,08/13/2026,125174066.0,$100-500M,7,True,True
284100,ADVISORY ADVOCATES LLC,"           158,607,157.00",9,Y,1,MI,GRAND RAPIDS,Approved,03/04/2026,03/23/2026,158607157.0,$100-500M,9,True,True
284165,"GREENLEAF FINANCIAL NETWORK, LLC","           123,695,747.00",11,Y,4,,,Approved,06/26/2026,08/18/2026,123695747.0,$100-500M,11,True,True
284338,"BSC CAPITAL PARTNERS, LLC","           125,816,727.00",5,Y,5,IA,WEST DES MOINES,Approved,05/06/2026,06/29/2026,125816727.0,$100-500M,5,True,True
284438,ADVANCED WEALTH MANAGEMENT,"           110,740,116.00",4,Y,7,FL,SARASOTA,Approved,07/01/2026,08/17/2026,110740116.0,$100-500M,4,True,True
284465,CARDINAL ADVISERS LLC,"           118,539,851.00",1,Y,1,,,Approved,01/07/2026,01/22/2026,118539851.0,$100-500M,1,True,True
284485,"EDEN CAPITAL MANAGEMENT, LLC","           108,711,208.00",3,Y,1,,,Approved,08/10/2026,07/21/2026,108711208.0,$100-500M,3,True,True
284800,"ARMATUS CAPITAL MANAGEMENT, LLC","           240,970,300.00",6,Y,1,,,Approved,08/05/2026,06/29/2026,240970300.0,$100-500M,6,True,True
284918,MARNELL MANAGEMENT LLC,"           306,132,857.00",2,Y,1,MI,FARMINGTON HILLS,Approved,07/23/2026,07/02/2026,306132857.0,$100-500M,2,True,True
285314,"SPIRIT WEST ADVISORS, LLC","           111,100,000.00",1,Y,1,AZ,SCOTTSDALE,Approved,11/25/2025,06/11/2026,111100000.0,$100-500M,1,True,True
285490,LEDER FIDUCIARY CAPITAL LLC,"           120,583,877.00",1,Y,2,TX,BELLAIRE,Approved,05/26/2026,04/22/2026,120583877.0,$100-500M,1,True,True
285674,"MARIVA GLOBAL ASSET MANAGEMENT, LLC","           128,963,954.00",5,Y,1,FL,MIAMI,Approved,04/13/2026,04/13/2026,128963954.0,$100-500M,5,True,True
285736,"TRUSCO INVESTMENT MANAGEMENT, LLC","           106,974,102.00",2,Y,2,TN,NASHVILLE,Approved,03/25/2026,08/28/2026,106974102.0,$100-500M,2,True,True
285853,MERIDIAN WEALTH MANAGEMENT,"           117,790,070.00",4,Y,3,,,Approved,02/09/2026,02/17/2026,117790070.0,$100-500M,4,True,True
286017,"OXFORD PLANNING GROUP, LLC","           112,914,960.00",3,Y,1,MD,WOODSTOCK,Approved,07/10/2026,07/08/2026,112914960.0,$100-500M,3,True,True
286127,FORESIGHT WEALTH ADVISORS,"           121,248,000.00",1,Y,2,IL,SKOKIE,Approved,06/26/2026,05/26/2026,121248000.0,$100-500M,1,True,True
286141,"ALPHA PARTNERS MANAGEMENT, LLC","           537,548,440.00",10,Y,1,NY,NEW YORK,Approved,01/15/2026,03/31/2026,537548440.0,$500M-1B,10,True,True
286686,"FINANCIAL DESIGN STUDIO, INC.","           105,500,000.00",4,Y,3,IL,DEER PARK,Approved,11/18/2025,07/16/2026,105500000.0,$100-500M,4,True,True
287632,THE FINANCIAL LEGACY GROUP,"           107,292,807.00",3,Y,1,NC,CHARLOTTE,Approved,02/26/2026,01/27/2026,107292807.0,$100-500M,3,True,True
287819,"THIRD EYE CAPITAL MANAGEMENT, LLC","           291,295,000.00",1,Y,1,FL,MIAMI BEACH,Approved,07/07/2026,07/02/2026,291295000.0,$100-500M,1,True,True
287832,"AFS WEALTH MANAGEMENT, LLC","           117,983,088.00",2,Y,5,MI,FARMINGTON HILLS,Approved,08/28/2026,07/29/2026,117983088.0,$100-500M,2,True,True
287840,TIDAL CREEK CAPITAL ADVISORS,"           125,985,607.00",4,Y,2,SC,BLUFFTON,Approved,05/04/2026,05/11/2026,125985607.0,$100-500M,4,True,True
287867,SPACE CAPITAL,"         1,168,225,834.00",6,Y,10,NY,NEW YORK,Approved,11/20/2025,03/23/2026,1168225834.0,>$1B,6,True,True
287997,TRUE SQUARE FINANCIAL LLC,"           178,846,896.00",1,Y,2,GA,ATLANTA,Approved,03/02/2026,01/27/2026,178846896.0,$100-500M,1,True,True
288345,IMPACT FIDUCIARY LLC,"           155,000,000.00",3,Y,8,CA,PASADENA,Approved,12/09/2025,07/28/2026,155000000.0,$100-500M,3,True,True
288519,MILE WEALTH MANAGEMENT,"           120,121,620.00",1,Y,1,CA,IRVINE,Approved,04/30/2026,03/31/2026,120121620.0,$100-500M,1,True,True
288563,BRASIL PLURAL INVESTMENT ADVISOR LLC,"           201,621,881.00",14,N,0,FL,MIAMI,Approved,11/18/2025,07/31/2026,201621881.0,$100-500M,14,False,True
288726,LEVENSON WEALTH LLC,"           111,043,500.00",2,Y,3,,,Approved,04/03/2026,03/18/2026,111043500.0,$100-500M,2,True,True
288829,M2 CAPITAL ADVISORS,"           157,995,972.00",6,Y,3,CA,VALENCIA,Approved,02/19/2026,05/12/2026,157995972.0,$100-500M,6,True,True
288892,HUNT WEALTH MANAGEMENT,"           110,000,000.00",2,Y,1,CA,CONCORD,Approved,04/16/2026,04/23/2026,110000000.0,$100-500M,2,True,True
289069,RETIREMENT SOLUTIONS GROUP,"           159,620,234.00",7,Y,10,TN,FRANKLIN,Approved,05/11/2026,07/09/2026,159620234.0,$100-500M,7,True,True
289217,SULLIVAN INVESTMENT MANAGEMENT LLC,"           111,800,000.00",1,Y,1,WI,WISCONSIN RAPIDS,Approved,04/13/2026,03/24/2026,111800000.0,$100-500M,1,True,True
289309,"STRONG INVESTMENT MANAGEMENT, LLC","           111,903,795.00",3,N,0,OH,CANTON,Approved,08/07/2026,08/27/2026,111903795.0,$100-500M,3,False,True
289485,SAFEBRIDGE LLC,"           205,281,096.00",1,Y,5,,,Approved,02/04/2026,02/04/2026,205281096.0,$100-500M,1,True,True
289574,"CAPITAL WEALTH, LLC","           115,955,340.00",7,Y,3,UT,LEHI,Approved,08/13/2026,07/13/2026,115955340.0,$100-500M,7,True,True
289810,CRYSTAL COVE ASSET MANAGEMENT,"           135,190,931.00",2,Y,1,CA,NEWPORT BEACH,Approved,04/16/2026,03/16/2026,135190931.0,$100-500M,2,True,True
289840,"RIHO PARTNERS, LLC","           182,243,308.00",1,Y,1,,,Approved,04/30/2026,03/31/2026,182243308.0,$100-500M,1,True,True
289892,URS ADVISORY,"           200,312,614.00",6,Y,6,FL,JUPITER,Approved,04/29/2026,07/24/2026,200312614.0,$100-500M,6,True,True
289966,"PROSPERO WEALTH, LLC","           110,555,693.00",8,Y,25,,,Approved,12/01/2025,07/22/2026,110555693.0,$100-500M,8,True,True
290041,"AUERBACH INVESTMENT SERVICES, LLC","           150,199,334.00",2,Y,1,PA,NARBERTH,Approved,03/17/2026,05/15/2026,150199334.0,$100-500M,2,True,True
290061,JAKE CARRIS FINANCIAL PLANNING,"           109,685,265.00",1,Y,1,FL,ORLANDO,Approved,03/23/2026,07/24/2026,109685265.0,$100-500M,1,True,True
290064,GLASS LAKES CAPITAL MANAGEMENT LLC,"           178,336,470.00",2,Y,7,KS,OVERLAND PARK,Approved,05/21/2026,06/03/2026,178336470.0,$100-500M,2,True,True
290082,"KITTYHAWK VENTURES, LLC","           184,015,855.00",2,Y,4,CA,LOS ANGELES,Approved,04/13/2026,08/03/2026,184015855.0,$100-500M,2,True,True
290139,"WEALTH COMPASS FINANCIAL, INC.","           115,401,312.00",2,Y,7,CA,CARLSBAD,Approved,01/21/2026,04/27/2026,115401312.0,$100-500M,2,True,True
290153,GOLDMAN WEALTH MANAGEMENT,"           119,967,372.00",2,Y,2,CA,SAN DIEGO,Approved,05/08/2026,04/10/2026,119967372.0,$100-500M,2,True,True
290450,"SNYDER ASSET MANAGEMENT, LLC","           112,300,000.00",1,Y,2,MD,HUNT VALLEY,Approved,08/28/2026,07/31/2026,112300000.0,$100-500M,1,True,True
290560,"SUN MOUNTAIN PARTNERS, LLC","           187,232,665.00",1,Y,1,,,Approved,08/05/2026,07/09/2026,187232665.0,$100-500M,1,True,True
290744,BUTLER HALL CAPITAL LLC,"           218,293,112.00",2,N,0,CA,LOS ANGELES,Approved,07/23/2026,06/24/2026,218293112.0,$100-500M,2,False,True
290853,ARROW WEALTH ADVISORS,"           121,234,291.00",2,Y,5,VA,LYNCHBURG,Approved,07/22/2026,08/28/2026,121234291.0,$100-500M,2,True,True
290962,TROTT BROOK FINANCIAL,"           120,465,881.00",3,Y,6,MN,ANOKA,Approved,04/17/2026,04/23/2026,120465881.0,$100-500M,3,True,True
291148,TITAN INVESTMENT MANAGEMENT LLC,"           123,932,769.00",4,Y,3,IN,INDIANAPOLIS,Approved,04/02/2026,03/03/2026,123932769.0,$100-500M,4,True,True
291214,"FIRST LIGHT WEALTH ADVISORS, LLC","           116,263,725.00",4,Y,2,NJ,LITTLE FALLS,Approved,05/20/2026,04/13/2026,116263725.0,$100-500M,4,True,True
291218,"ASCENT CAPITAL PARTNERS, LLC","           172,002,374.00",10,Y,2,AZ,SCOTTSDALE,Approved,09/30/2025,04/01/2026,172002374.0,$100-500M,10,True,True
291227,QUALIVIAN INVESTMENT PARTNERS,"             2,820,000.00",2,Y,6,,,Approved,05/18/2026,04/18/2026,2820000.0,<$25M,2,True,True
291305,"MILBORN ADVISORS, LTD","           107,692,612.00",2,Y,2,WI,MILWAUKEE,Approved,04/27/2026,05/08/2026,107692612.0,$100-500M,2,True,True
291661,"LIFELONG WEALTH MANAGEMENT GROUP, LLC","           121,740,000.00",2,Y,3,OR,LAKE OSWEGO,Approved,04/21/2026,06/29/2026,121740000.0,$100-500M,2,True,True
291807,APPROACH CAPITAL LLC,"           100,000,000.00",1,Y,1,,,Approved,05/29/2026,07/21/2026,100000000.0,$100-500M,1,True,True
291873,"MAIDSTONE WEALTH MANAGEMENT, LLC","            27,378,400.00",1,Y,4,NY,CAMBRIDGE,Approved,08/25/2025,03/16/2026,27378400.0,$25-100M,1,True,True
292274,"ORCHARD CITY WEALTH MANAGEMENT, LLC","           116,119,975.00",3,Y,3,CA,LOS GATOS,Approved,06/15/2026,05/14/2026,116119975.0,$100-500M,3,True,True
292390,AVENTINE FINANCIAL GROUP,"           153,133,400.00",3,Y,4,PA,DOYLESTOWN,Approved,08/06/2025,03/19/2026,153133400.0,$100-500M,3,True,True
293119,ROAN CAPITAL PARTNERS,"           152,023,601.00",5,Y,3,TN,JOHNSON CITY,Approved,03/02/2026,08/07/2026,152023601.0,$100-500M,5,True,True
293160,"EXPAND FINANCIAL GROUP, LLC","           113,456,003.00",11,Y,1,,,Approved,01/02/2026,05/01/2026,113456003.0,$100-500M,11,True,True
294012,ELM CAPITAL MANAGEMENT LLC,"           133,387,217.00",6,Y,1,PA,PITTSBURGH,Approved,03/27/2026,02/24/2026,133387217.0,$100-500M,6,True,True
295320,"WESFAIR ADVISORY GROUP, INC.","            30,268,007.00",2,Y,1,NY,CHAPPAQUA,Approved,08/19/2026,07/20/2026,30268007.0,$25-100M,2,True,True
295692,"RIVER ASSOCIATES INVESTMENTS, L.P.","           815,481,000.00",18,Y,3,TN,CHATTANOOGA,Approved,08/12/2025,03/27/2026,815481000.0,$500M-1B,18,True,True
296438,SAN FRANCISCO WEALTH PLANNING LLC,"           112,288,388.00",2,Y,4,,,Approved,06/26/2026,06/30/2026,112288388.0,$100-500M,2,True,True
296467,"BLUE JAY FINANCIAL GROUP, LLC","           113,455,676.00",9,Y,5,OH,DEFIANCE,Approved,12/11/2025,06/02/2026,113455676.0,$100-500M,9,True,True
296811,PEARL WEALTH LLC,"           129,900,328.00",2,Y,2,,,Approved,05/26/2026,08/24/2026,129900328.0,$100-500M,2,True,True
296875,WEALTH MANAGEMENT SOLUTIONS,"           106,305,710.00",3,Y,1,,,Approved,08/25/2025,01/13/2026,106305710.0,$100-500M,3,True,True
296877,"NEWSONG CAPITAL MANAGEMENT, INC.","           100,405,993.00",3,Y,3,MS,HATTIESBURG,Approved,03/16/2026,03/13/2026,100405993.0,$100-500M,3,True,True
296929,"SAN BLAS ADVISORY, INC.","           218,880,000.00",13,Y,4,GA,ATLANTA,Approved,04/27/2026,08/25/2026,218880000.0,$100-500M,13,True,True
297002,ALO FINANCIAL PLANNING,"           120,915,635.00",2,Y,4,IL,MOUNT PROSPECT,Approved,06/12/2026,05/14/2026,120915635.0,$100-500M,2,True,True
297193,MODERN FINANCIAL PLANNING,"           116,000,000.00",2,Y,3,TX,GEORGETOWN,Approved,12/12/2025,03/16/2026,116000000.0,$100-500M,2,True,True
297243,BSG ADVISERS,"           134,763,000.00",9,Y,3,NC,APEX,Approved,01/07/2026,07/01/2026,134763000.0,$100-500M,9,True,True
297290,"BONDURANT INVESTMENT ADVISORY, LLC","           111,082,039.00",3,Y,1,IL,EVANSTON,Approved,11/18/2025,01/23/2026,111082039.0,$100-500M,3,True,True
297424,"O.F.O. PARTNERS, LLC","           110,005,402.00",3,Y,2,MA,HINGHAM,Approved,04/27/2026,04/01/2026,110005402.0,$100-500M,3,True,True
297449,PASSPORT WEALTH MANAGEMENT,"           115,333,521.00",3,Y,2,NC,CORNELIUS,Approved,11/25/2025,02/09/2026,115333521.0,$100-500M,3,True,True
297691,SETTIAN CAPITAL LP,"           156,515,602.00",3,N,0,FL,SAINT AUGUSTINE,Approved,04/29/2026,04/22/2026,156515602.0,$100-500M,3,False,True
297766,STOIC POINT CAPITAL MANAGEMENT LLC,"           119,496,738.00",3,Y,2,CA,PALO ALTO,Approved,04/29/2026,03/30/2026,119496738.0,$100-500M,3,True,True
297823,"MD WEALTH MANAGEMENT, LLC","           109,904,649.00",2,Y,3,MI,CHELSEA,Approved,12/15/2025,02/26/2026,109904649.0,$100-500M,2,True,True
297882,MILLSTONE FINANCIAL GROUP,"           104,431,570.00",9,Y,9,NJ,PRINCETON,Approved,03/20/2026,06/24/2026,104431570.0,$100-500M,9,True,True
297884,DTCP USA LLC,"         1,048,926,485.00",4,N,0,NV,LAS VEGAS,Approved,08/28/2025,04/30/2026,1048926485.0,>$1B,4,False,True
298014,"RIVER RAISIN INVESTMENT PARTNERS, INC.","           163,541,000.00",4,Y,2,MI,MONROE,Approved,07/14/2026,06/26/2026,163541000.0,$100-500M,4,True,True
298025,"OMNITRUST WEALTH MANAGEMENT, INC.","           107,206,083.00",1,N,0,FL,JACKSONVILLE,Approved,12/15/2025,03/03/2026,107206083.0,$100-500M,1,False,True
298027,WEBSTER STREET INVESTMENT ADVISORS LLC,"           113,737,962.00",2,Y,1,,,Approved,04/22/2026,04/21/2026,113737962.0,$100-500M,2,True,True
298029,ACP VENTURE CAPITAL MANAGEMENT FUND LLC,"           785,659,000.00",2,N,0,NY,HAUPPAUGE,Approved,08/05/2026,08/11/2026,785659000.0,$500M-1B,2,False,True
298032,AJAX CAPITAL LLC,"           114,559,491.00",1,N,0,,,Approved,04/06/2026,04/13/2026,114559491.0,$100-500M,1,False,True
298277,MANA FINANCIAL LIFE DESIGN,"           106,079,775.00",5,Y,7,,,Approved,04/22/2026,03/31/2026,106079775.0,$100-500M,5,True,True
298369,RCPLANNERS,"           112,101,511.00",4,Y,3,,,Approved,08/11/2026,08/03/2026,112101511.0,$100-500M,4,True,True
298396,NOBLE WEALTH PARTNERS,"           118,491,092.00",3,Y,5,CO,DENVER,Approved,04/13/2026,08/12/2026,118491092.0,$100-500M,3,True,True
298397,GREENLINE WEALTH MANAGEMENT,"           116,970,119.00",7,Y,8,FL,BOCA RATON,Approved,05/01/2026,07/31/2026,116970119.0,$100-500M,7,True,True
298428,FAIRCHILD CAPITAL LLC,"           102,789,935.00",2,Y,3,OR,PORTLAND,Approved,02/27/2026,03/04/2026,102789935.0,$100-500M,2,True,True
298473,BGV VC MANAGEMENT LLC,"           432,997,312.00",15,Y,3,CA,MENLO PARK,Approved,01/09/2026,03/31/2026,432997312.0,$100-500M,15,True,True
298533,SEQUENTIS CAPITAL LLC,"           101,535,976.00",4,Y,3,MA,BOSTON,Approved,04/08/2026,05/15/2026,101535976.0,$100-500M,4,True,True
298680,MERRITT POINT PARTNERS LLC,"           636,104,895.00",4,Y,1,CA,OAKLAND,Approved,05/21/2026,04/22/2026,636104895.0,$500M-1B,4,True,True
298816,GLASSBEAD CAPITAL MANAGEMENT LLC,"           137,976,453.00",3,Y,1,FL,MIAMI BEACH,Approved,06/25/2026,08/25/2026,137976453.0,$100-500M,3,True,True
299085,"ABRAHAM & CO., INC.","           117,000,000.00",5,Y,2,,,Approved,01/26/2026,02/25/2026,117000000.0,$100-500M,5,True,True
299122,HAWS FINANCIAL PLANNING LLC,"           105,000,000.00",3,Y,4,AZ,SIERRA VISTA,Approved,08/12/2026,07/30/2026,105000000.0,$100-500M,3,True,True
299275,PINETREE ADVISORS CORP.,"           120,000,000.00",2,Y,1,FL,MIAMI,Approved,07/15/2026,06/25/2026,120000000.0,$100-500M,2,True,True
299466,"TRAILS EDGE WEALTH ADVISERS, LLC","           153,700,000.00",2,Y,2,,,Approved,04/10/2026,05/06/2026,153700000.0,$100-500M,2,True,True
299603,SINGER WEALTH MANAGEMENT,"           118,997,543.00",4,Y,5,,,Approved,07/06/2026,06/10/2026,118997543.0,$100-500M,4,True,True
299919,DREAMERS MANAGEMENT LLC,"           135,176,014.00",7,Y,1,CA,EL SEGUNDO,Approved,08/01/2025,03/27/2026,135176014.0,$100-500M,7,True,True
299923,"CWM ADVISORY, LLC","           100,973,620.00",6,Y,5,MD,OCEAN PINES,Approved,03/06/2026,06/23/2026,100973620.0,$100-500M,6,True,True
299977,INVESTIRE LLC,"            46,237,541.00",2,Y,1,,BUENOS AIRES,Approved,09/29/2025,08/19/2026,46237541.0,$25-100M,2,True,True
299986,SCIENS WATER,"           743,453,428.00",15,Y,6,NY,NEW YORK,Approved,04/30/2026,06/16/2026,743453428.0,$500M-1B,15,True,True
300007,"RENAISSANCE WEALTH ADVISORS, LLC","           109,897,240.00",2,Y,5,MA,NEWTON,Approved,03/30/2026,04/15/2026,109897240.0,$100-500M,2,True,True
300058,"DOVE INVESTMENT RESEARCH AND MANAGEMENT, INC.","           107,371,381.00",2,Y,4,CA,IRVINE,Approved,03/02/2026,03/23/2026,107371381.0,$100-500M,2,True,True
300083,"PRIVATE COUNSEL GROUP, LTD.","           116,007,039.00",2,Y,1,IN,INDIANAPOLIS,Approved,03/27/2026,02/25/2026,116007039.0,$100-500M,2,True,True
300200,CB CAPITAL LLC,"           124,458,300.00",1,Y,1,RI,NORTH SMITHFIELD,Approved,08/27/2026,08/06/2026,124458300.0,$100-500M,1,True,True
300230,"HATCHER CAPITAL INVESTMENTS, INC.","           127,485,086.00",6,Y,6,AR,LITTLE ROCK,Approved,09/30/2025,03/26/2026,127485086.0,$100-500M,6,True,True
300246,HAMPEL INVESTMENT ADVISORS,"           110,132,399.00",1,Y,1,,,Approved,01/16/2026,03/27/2026,110132399.0,$100-500M,1,True,True
300280,UYANA PARTNERS LLC,"           115,043,670.00",8,Y,2,FL,MIAMI,Approved,04/30/2026,04/24/2026,115043670.0,$100-500M,8,True,True
300506,UAK DIVERSIFIED WEALTH ADVISORS,"           122,658,621.00",3,Y,5,,,Approved,02/19/2026,06/15/2026,122658621.0,$100-500M,3,True,True
300873,"LEGACY CHIEF FINANCIAL OFFICE, LLC","           105,079,723.00",3,Y,3,TX,SHENANDOAH,Approved,03/09/2026,04/08/2026,105079723.0,$100-500M,3,True,True
300884,"AFTON ADVISORS, LLC","           109,338,019.00",2,Y,3,,,Approved,02/27/2026,01/27/2026,109338019.0,$100-500M,2,True,True
301028,ALLPOINT FINANCIAL GROUP,"           116,768,023.00",5,Y,1,CA,PETALUMA,Approved,07/14/2026,06/12/2026,116768023.0,$100-500M,5,True,True
301788,"COLUMBUS STREET WEALTH MANAGEMENT, LLC","           144,549,263.00",1,Y,4,,,Approved,05/12/2026,07/27/2026,144549263.0,$100-500M,1,True,True
302034,"PLEASANTDALE WEALTH MANAGEMENT, LLC","           113,700,000.00",3,N,0,,,Approved,08/07/2025,04/01/2026,113700000.0,$100-500M,3,False,True
302093,MINK BROOK ASSET MANAGEMENT LLC,"           280,675,956.00",1,N,0,,,Approved,07/23/2026,06/26/2026,280675956.0,$100-500M,1,False,True
302115,"TOLLEY FINANCIAL GROUP, LLC","           121,857,197.00",1,Y,1,NC,RALEIGH,Approved,05/07/2026,08/11/2026,121857197.0,$100-500M,1,True,True
304024,BLUE LINE CAPITAL,"           131,917,783.00",7,Y,2,IL,CHICAGO,Approved,02/19/2026,06/04/2026,131917783.0,$100-500M,7,True,True
304133,KEYSTONE WEALTH MANAGEMENT,"           137,388,022.00",2,Y,1,IA,WATERLOO,Approved,09/30/2025,06/05/2026,137388022.0,$100-500M,2,True,True
304145,"MARA RIVER CAPITAL MANAGEMENT, LP","           217,659,755.00",3,Y,1,FL,CORAL GABLES,Approved,08/05/2026,07/15/2026,217659755.0,$100-500M,3,True,True
304152,"FEENIX VENTURE PARTNERS, LLC","           175,470,553.00",10,Y,2,NY,NEW YORK,Approved,08/01/2025,06/16/2026,175470553.0,$100-500M,10,True,True
304176,"FAMILY PARTNERS CAPITAL, LLC","            92,256,560.00",2,Y,2,MA,HAMILTON,Approved,09/29/2025,03/09/2026,92256560.0,$25-100M,2,True,True
304233,LAS OLAS VENTURE CAPITAL,"           231,216,495.00",6,Y,3,FL,FORT LAUDERDALE,Approved,08/05/2026,07/07/2026,231216495.0,$100-500M,6,True,True
304260,"FINAMEX ASSET MANAGEMENT, LLC","           113,852,806.00",4,N,0,TX,HOUSTON,Approved,12/19/2025,07/10/2026,113852806.0,$100-500M,4,False,True
304359,"ROSS WEALTH ADVISORS, LLC","           139,697,583.00",4,Y,3,OH,COLUMBUS,Approved,06/25/2026,06/29/2026,139697583.0,$100-500M,4,True,True
304409,STERLING BRIDGE FINANCIAL GROUP LLC,"           131,066,360.00",8,Y,3,FL,PALM HARBOR,Approved,04/20/2026,03/20/2026,131066360.0,$100-500M,8,True,True
304463,MUSE CAPITAL MANAGEMENT LLC,"           106,983,502.00",2,Y,4,CA,SANTA MONICA,Approved,12/02/2025,07/29/2026,106983502.0,$100-500M,2,True,True
304595,MD WEALTH ADVISORS INC,"           105,204,224.00",1,Y,2,NJ,CRANFORD,Approved,04/24/2026,04/08/2026,105204224.0,$100-500M,1,True,True
304619,VERAZ ADVISORS,"           109,563,851.00",8,Y,2,CA,SAN RAMON,Approved,06/04/2026,06/02/2026,109563851.0,$100-500M,8,True,True
304729,"THAYER FINANCIAL, L.L.C.","           106,449,059.00",3,Y,5,NC,HICKORY,Approved,01/02/2026,02/18/2026,106449059.0,$100-500M,3,True,True
304753,WISE MONEY ISRAEL,"            94,939,567.00",4,Y,5,,BINYAMINA,Approved,08/25/2025,07/16/2026,94939567.0,$25-100M,4,True,True
304763,OPULUS,"           104,887,661.00",2,Y,7,PA,DOYLESTOWN,Approved,07/23/2026,06/25/2026,104887661.0,$100-500M,2,True,True
304914,"A BETTER WAY FINANCIAL, LLC","           108,964,358.00",8,Y,4,PA,ALLENTOWN,Approved,06/02/2026,08/05/2026,108964358.0,$100-500M,8,True,True
304935,FAMILY WEALTH PARTNERS LLC,"           130,937,000.00",2,N,0,NJ,MEDFORD,Approved,05/18/2026,07/06/2026,130937000.0,$100-500M,2,False,True
304967,ADVISORSTRUST PARTNERS LLC,"           435,290,041.00",6,Y,4,NC,RALEIGH,Approved,09/25/2025,05/27/2026,435290041.0,$100-500M,6,True,True
305172,OLD VINE CAPITAL,"           167,047,136.00",1,Y,3,,,Approved,07/22/2026,07/28/2026,167047136.0,$100-500M,1,True,True
305273,"SOARING INVESTMENT MANAGEMENT, LLC","           112,516,204.00",5,Y,1,OR,PORTLAND,Approved,01/15/2026,03/31/2026,112516204.0,$100-500M,5,True,True
305337,CAPITAL Q MANAGEMENT LLC,"            93,408,051.00",2,Y,1,FL,MAITLAND,Approved,03/04/2026,02/24/2026,93408051.0,$25-100M,2,True,True
305352,FAIRLIGHT ADVISORS,"           135,740,324.00",4,Y,7,CA,SAN FRANCISCO,Approved,03/19/2026,08/03/2026,135740324.0,$100-500M,4,True,True
305387,MESSMER CAPITAL ADVISORS LLC,"           130,379,569.00",4,Y,1,OH,MILFORD,Approved,03/16/2026,08/20/2026,130379569.0,$100-500M,4,True,True
305583,"ENDURANCE FINANCIAL PLANNING, LLC","           101,773,387.00",4,Y,12,TX,MCALLEN,Approved,08/05/2026,07/20/2026,101773387.0,$100-500M,4,True,True
305760,MK3 WEALTH LLC,"           113,141,146.00",3,Y,3,NJ,CHERRY HILL,Approved,06/10/2026,07/06/2026,113141146.0,$100-500M,3,True,True
305773,TWIN RIVERS WEALTH MANAGEMENT,"           121,500,000.00",5,Y,3,CA,SACRAMENTO,Approved,08/28/2026,08/26/2026,121500000.0,$100-500M,5,True,True
305840,"BURKE WEALTH MANAGEMENT, LLC","            95,240,442.00",3,Y,1,TX,HOUSTON,Approved,04/06/2026,08/19/2026,95240442.0,$25-100M,3,True,True
305852,HAYNIE WEALTH MANAGEMENT LLC,"           106,642,575.00",3,Y,9,UT,SALT LAKE CITY,Approved,03/17/2026,05/14/2026,106642575.0,$100-500M,3,True,True
305897,CENTRALIS CAPITAL LLC,"            60,271,669.00",2,Y,1,KS,PRAIRIE VILLAGE,Approved,01/07/2026,12/04/2025,60271669.0,$25-100M,2,True,True
305954,ADVOCACY FINANCIAL LLC,"           103,416,660.00",4,Y,2,LA,COVINGTON,Approved,04/29/2026,04/28/2026,103416660.0,$100-500M,4,True,True
305972,"TEMPLER WEALTH MANAGEMENT, LLC","           102,919,045.00",1,Y,2,VA,VIENNA,Approved,05/15/2026,04/17/2026,102919045.0,$100-500M,1,True,True
305991,"EXPERIENCE YOUR WEALTH, LLC","           105,302,182.00",3,Y,4,,,Approved,07/14/2026,07/16/2026,105302182.0,$100-500M,3,True,True
306123,EGIS CAPITAL PARTNERS LP,"           160,831,523.00",4,Y,2,NJ,SUMMIT,Approved,07/20/2026,07/13/2026,160831523.0,$100-500M,4,True,True
306171,"ARMOUR WEALTH ADVISORS, LLC","           110,366,065.00",2,Y,2,WA,TUMWATER,Approved,02/19/2026,06/11/2026,110366065.0,$100-500M,2,True,True
306196,"WEALTHGEN ADVISORS, LLC","           146,600,000.00",2,Y,5,FL,SARASOTA,Approved,03/04/2026,08/30/2026,146600000.0,$100-500M,2,True,True
306261,"SEBETIC ADVISORS, LLC","            94,388,000.00",1,Y,2,,,Approved,02/26/2026,03/30/2026,94388000.0,$25-100M,1,True,True
306285,HMC CAPITAL US,"           174,694,387.00",3,Y,2,NY,NEW YORK,Approved,08/05/2026,07/06/2026,174694387.0,$100-500M,3,True,True
306294,JRS WEALTH MANAGEMENT LLC,"           135,000,000.00",5,Y,8,UT,SOUTH JORDAN,Approved,03/23/2026,02/19/2026,135000000.0,$100-500M,5,True,True
306332,"SOUND LEGACY WEALTH ADVISORS, LLC","           102,000,000.00",2,Y,2,,,Approved,03/12/2026,04/16/2026,102000000.0,$100-500M,2,True,True
306501,WARM SPRINGS ADVISORS INC.,"           131,346,508.00",3,N,0,CA,LARKSPUR,Approved,11/25/2025,02/13/2026,131346508.0,$100-500M,3,False,True
306770,WELLACRE GLOBAL WEALTH ADVISORS,"           104,340,000.00",2,Y,6,CA,SANTA MONICA,Approved,03/02/2026,02/27/2026,104340000.0,$100-500M,2,True,True
306955,"WESTBOUND EQUITY MANAGEMENT, LLC","           146,180,175.00",5,Y,4,CA,PALO ALTO,Approved,02/05/2026,01/23/2026,146180175.0,$100-500M,5,True,True
306974,"COURSE MANAGEMENT INVESTMENT ADVISORS, LLC","           100,326,180.00",4,Y,1,NC,PINEHURST,Approved,03/17/2026,05/14/2026,100326180.0,$100-500M,4,True,True
307227,SIERRA MANAGEMENT GROUP,"           127,071,586.00",2,Y,2,NV,RENO,Approved,06/04/2026,06/03/2026,127071586.0,$100-500M,2,True,True
307239,MESCHEL WEALTH MANAGEMENT LLC,"           107,462,176.00",3,Y,3,,,Approved,08/05/2026,07/31/2026,107462176.0,$100-500M,3,True,True
307332,SCHOOL OF PERSONAL FINANCE,"            28,653,053.00",1,Y,6,,,Approved,03/26/2026,02/24/2026,28653053.0,$25-100M,1,True,True
307357,ELLA FINANCIAL ADVISING,"           106,855,983.00",1,Y,4,CA,OAKLAND,Approved,03/20/2026,08/13/2026,106855983.0,$100-500M,1,True,True
307379,IM WEALTH PARTNERS,                      .00,16,Y,3,PA,BLUE BELL,120-Day Approval,05/13/2026,05/05/2026,0.0,$0 reported,16,True,True
307661,EVE PARTNERS,"           641,335,168.00",14,Y,2,FL,PONTE VEDRA BEACH,Approved,11/17/2025,05/15/2026,641335168.0,$500M-1B,14,True,True
307687,"LUNA CAPITAL MANAGEMENT, LLC","           116,430,229.00",3,Y,2,CA,BURLINGAME,Approved,06/25/2026,06/06/2026,116430229.0,$100-500M,3,True,True
307792,"FORM PROSPERITY WEALTH ADVISORS, LLC","           118,965,694.00",1,Y,4,AZ,CHANDLER,Approved,03/23/2026,07/21/2026,118965694.0,$100-500M,1,True,True
307915,"ENGAGE WEALTH GROUP, LLC","           119,515,527.00",3,Y,4,IL,NORTHFIELD,Approved,08/05/2026,07/14/2026,119515527.0,$100-500M,3,True,True
308263,"GENEROUSWEALTH, LLC","           110,365,201.00",3,Y,10,SC,SUMMERVILLE,Approved,04/01/2026,04/27/2026,110365201.0,$100-500M,3,True,True
308542,CALEO CAPITAL N.A. LLC,"           111,841,090.00",5,Y,3,FL,PONTE VEDRA,Approved,12/03/2025,04/07/2026,111841090.0,$100-500M,5,True,True
308919,"3SPOKE MANAGEMENT, LLC","           254,282,055.00",6,Y,3,CA,IRVINE,Approved,08/05/2026,07/22/2026,254282055.0,$100-500M,6,True,True
309060,NORTHBROOK FINANCIAL,"           108,760,000.00",8,Y,4,MD,BALTIMORE,Approved,06/26/2026,08/17/2026,108760000.0,$100-500M,8,True,True
309109,TIDWELL WEALTH MANAGEMENT LLC,"           116,655,745.00",5,Y,3,CA,ROCKLIN,Approved,05/05/2026,05/04/2026,116655745.0,$100-500M,5,True,True
309328,CAMBER PARTNERS MANAGEMENT LLC,"           378,754,149.00",13,Y,2,NY,NEW YORK,Approved,08/15/2025,03/17/2026,378754149.0,$100-500M,13,True,True
309396,"ARK WEALTH ADVISORS, LLC","           117,960,866.00",5,Y,3,CA,YORBA LINDA,Approved,04/10/2026,03/11/2026,117960866.0,$100-500M,5,True,True
309424,BERGAMOT ASSET MANAGEMENT LP,"           106,482,912.00",8,Y,2,NJ,PRINCETON,Approved,05/01/2026,05/01/2026,106482912.0,$100-500M,8,True,True
309644,FUTURE POSITIVE,"           278,042,556.00",4,Y,2,NY,NEW YORK,Approved,12/05/2025,08/31/2026,278042556.0,$100-500M,4,True,True
309675,VANTAGE FINANCIAL GROUP,"           118,600,000.00",4,Y,6,CA,AUBURN,Approved,05/14/2026,05/15/2026,118600000.0,$100-500M,4,True,True
309783,RILEX CAPITAL LLC,"           124,252,334.00",1,Y,1,NJ,MANASQUAN,Approved,05/14/2026,05/13/2026,124252334.0,$100-500M,1,True,True
309832,WMK INVESTMENT PARTNERS,"           211,019,817.00",5,Y,2,,,Approved,12/12/2025,07/01/2026,211019817.0,$100-500M,5,True,True
309944,CLAYMORE CAPITAL PARTNERS,"           183,940,042.00",5,Y,3,OH,CINCINNATI,Approved,07/23/2026,07/02/2026,183940042.0,$100-500M,5,True,True
310107,"SLOY DAHL & HOLST HOLDINGS, INC","           186,620,841.00",3,N,0,WA,VANCOUVER,Approved,06/08/2026,07/15/2026,186620841.0,$100-500M,3,False,True
310132,ICONOCLASTIC CAPITAL MANAGEMENT LLC,"            68,178,878.00",5,Y,5,NY,ROCHESTER,Approved,09/30/2025,03/30/2026,68178878.0,$25-100M,5,True,True
310237,ROPPEL CAPITAL MANAGEMENT LLC,"           231,463,747.00",3,Y,4,IL,PARK RIDGE,Approved,04/27/2026,05/12/2026,231463747.0,$100-500M,3,True,True
310496,"JACKSON WEALTH MANAGEMENT, LLC","           107,026,630.00",1,Y,5,CO,CASTLE ROCK,Approved,05/21/2026,08/18/2026,107026630.0,$100-500M,1,True,True
310859,COPPERWOOD FINANCIAL,"           119,633,000.00",3,Y,8,IL,BURR RIDGE,Approved,12/08/2025,03/25/2026,119633000.0,$100-500M,3,True,True
310878,GENESIS INVESTMENTS,"           112,522,622.00",4,Y,1,TN,OOLTEWAH,Approved,09/11/2025,03/19/2026,112522622.0,$100-500M,4,True,True
310883,"WESTPOINT WEALTH MANAGEMENT, LLC","           106,000,000.00",9,Y,13,OH,BEREA,Approved,06/26/2026,07/24/2026,106000000.0,$100-500M,9,True,True
310885,DELLORA INVESTMENTS LP,"           148,379,005.00",4,Y,2,CT,GREENWICH,Approved,12/17/2025,03/26/2026,148379005.0,$100-500M,4,True,True
310897,"PARAGON INVESTING, LLC","           138,200,000.00",3,Y,2,,,Approved,04/02/2026,08/03/2026,138200000.0,$100-500M,3,True,True
311212,HUGHES & COMPANY,"           367,423,073.00",13,Y,2,IL,CHICAGO,Approved,08/04/2025,03/25/2026,367423073.0,$100-500M,13,True,True
311297,"PSG CREDIT GP, LLC","           190,938,742.00",25,Y,1,MD,COLUMBIA,Approved,08/11/2026,08/06/2026,190938742.0,$100-500M,25,True,True
311374,ONTRACK WEALTH MANAGEMENT,"           112,418,745.00",2,Y,2,MI,CANTON,Approved,06/15/2026,05/15/2026,112418745.0,$100-500M,2,True,True
311414,"LARSON WILLIAMS WEALTH ADVISORS, LLC","           140,020,131.00",2,Y,2,UT,CEDAR CITY,Approved,04/16/2026,03/19/2026,140020131.0,$100-500M,2,True,True
311450,SOUTH SHORE INVESTMENT SERVICES LLC,"           117,927,211.00",5,Y,1,MA,NORWELL,Approved,04/24/2026,03/25/2026,117927211.0,$100-500M,5,True,True
311558,"ACCESS FIDUCIARY SERVICES, LLC","           466,183,271.00",3,N,0,,,Approved,08/13/2026,08/11/2026,466183271.0,$100-500M,3,False,True
311679,MAINE ADVISORY ASSOCIATES,"           116,549,001.00",3,Y,1,ME,FALMOUTH,Approved,05/14/2026,07/24/2026,116549001.0,$100-500M,3,True,True
312126,JPS ADVISORS LLC,"            26,551,815.00",1,Y,1,,,Approved,07/13/2026,07/15/2026,26551815.0,$25-100M,1,True,True
312192,FITZWILLIAMS WEALTH MANAGEMENT INC.,"           123,549,687.00",13,Y,3,VA,CHESAPEAKE,Approved,01/15/2026,03/23/2026,123549687.0,$100-500M,13,True,True
312196,CORINTHIAN WEALTH MANAGEMENT,"           131,665,540.00",3,Y,3,CA,SAN JOSE,Approved,07/23/2026,07/29/2026,131665540.0,$100-500M,3,True,True
312342,FINCERA,                      .00,1,Y,1,NY,NEW YORK,Approved,08/13/2026,08/12/2026,0.0,$0 reported,1,True,True
312348,ALTURA CAPITAL,"           159,538,000.00",15,Y,2,FL,CORAL GABLES,Approved,08/18/2026,08/14/2026,159538000.0,$100-500M,15,True,True
312356,THE CAPELOTO & HEDRICK CO,"           128,503,752.00",3,Y,7,,,Approved,08/26/2025,03/19/2026,128503752.0,$100-500M,3,True,True
312361,GIVING TREE WEALTH ADVISORS,"           137,997,072.00",2,Y,1,CA,SAN RAMON,Approved,08/27/2026,08/26/2026,137997072.0,$100-500M,2,True,True
312399,PARAMOUNT WEALTH ADVISORS,"            37,639,930.00",3,Y,3,NY,BUFFALO,Approved,05/12/2026,05/05/2026,37639930.0,$25-100M,3,True,True
312523,"PVA FINANCIAL, LLC","           136,853,656.00",1,Y,3,,,Approved,07/02/2026,07/10/2026,136853656.0,$100-500M,1,True,True
312539,THINK DIFFERENT FINANCIAL PLANNING,"           141,525,076.00",2,Y,4,,,Approved,04/03/2026,07/28/2026,141525076.0,$100-500M,2,True,True
312641,UPLEVEL WEALTH,"           131,386,334.00",2,Y,2,OR,PORTLAND,Approved,08/05/2026,08/31/2026,131386334.0,$100-500M,2,True,True
312716,"EQUINOX FINANCIAL ADVISORS, INC.","           110,918,449.00",2,Y,2,VT,MANCHESTER CENTER,Approved,08/20/2026,08/07/2026,110918449.0,$100-500M,2,True,True
312741,DARK HORSE ADVISORS LLC,"           181,732,180.00",7,Y,1,,,Approved,05/26/2026,04/27/2026,181732180.0,$100-500M,7,True,True
312805,"SIKORSKI WEALTH MANAGEMENT, LLC","           139,584,563.00",3,Y,1,CA,SAN DIEGO,Approved,11/13/2025,03/27/2026,139584563.0,$100-500M,3,True,True
313006,ARCAP PARTNERS LLC,"            40,451,597.00",3,Y,2,NY,PLAINVIEW,Approved,08/05/2026,07/16/2026,40451597.0,$25-100M,3,True,True
313075,STILLWATER CAPITAL MANAGEMENT,"           102,463,339.00",3,Y,3,CA,CARMEL-BY-THE-SEA,Approved,07/17/2026,07/21/2026,102463339.0,$100-500M,3,True,True
313101,ADVANCED PLANNING ADVISORS GROUP INC.,"           120,429,005.00",2,Y,1,IL,NAPERVILLE,Approved,03/30/2026,08/11/2026,120429005.0,$100-500M,2,True,True
313227,"PELICAN INVESTMENT ADVISORS, LLC","           128,500,000.00",12,Y,2,LA,BATON ROUGE,Approved,05/07/2026,06/30/2026,128500000.0,$100-500M,12,True,True
313241,PARATAXIS CAPITAL MANAGEMENT LLC,"            83,691,454.00",5,Y,3,NY,NEW YORK,Approved,08/21/2026,08/03/2026,83691454.0,$25-100M,5,True,True
313361,FIDUCIARY FINANCIAL PLANNING NETWORK,"           175,656,748.00",5,Y,9,WI,ONALASKA,Approved,03/27/2026,04/01/2026,175656748.0,$100-500M,5,True,True
313536,"1102 PARTNERS, LLC","           114,487,348.00",2,Y,2,,,Approved,03/26/2026,02/25/2026,114487348.0,$100-500M,2,True,True
313761,REDEEM WEALTH MANAGEMENT,"           118,646,328.00",4,Y,6,AZ,GILBERT,Approved,07/22/2026,06/25/2026,118646328.0,$100-500M,4,True,True
314080,ANDRA CAPITAL LLC,"           476,538,169.00",5,Y,5,CA,SAN FRANCISCO,Approved,03/17/2026,07/30/2026,476538169.0,$100-500M,5,True,True
314575,"INTEGRATED WEALTH ADVISORS, LLC","           122,360,346.00",6,Y,3,WA,BELLEVUE,Approved,01/08/2026,06/09/2026,122360346.0,$100-500M,6,True,True
314832,ABRI LLC,"           114,386,423.00",8,Y,5,KY,LEXINGTON,Approved,03/06/2026,08/28/2026,114386423.0,$100-500M,8,True,True
314932,Q2 WEALTH MANAGEMENT,"           123,491,576.00",3,Y,6,KY,LEXINGTON,Approved,09/10/2025,07/31/2026,123491576.0,$100-500M,3,True,True
314981,SOLYCO WEALTH LLC,"           116,168,145.00",5,Y,3,MI,BIRMINGHAM,Approved,04/24/2026,08/14/2026,116168145.0,$100-500M,5,True,True
315039,SAGE RESIDENTIAL MANAGEMENT LLC,"           444,067,079.00",12,Y,2,NJ,MORRISTOWN,Approved,06/15/2026,05/18/2026,444067079.0,$100-500M,12,True,True
315195,"APIS & HERITAGE CAPITAL PARTNERS, LLC","           231,057,449.00",10,Y,3,DC,WASHINGTON,Approved,09/08/2025,05/15/2026,231057449.0,$100-500M,10,True,True
315300,"SMP FINANCIAL PLANNING, LLC","            64,387,095.00",2,Y,3,,,Approved,12/02/2025,12/09/2025,64387095.0,$25-100M,2,True,True
315313,CAREGEN WEALTH MANAGEMENT,"           109,926,074.00",2,Y,2,CA,SAN MATEO,Approved,08/19/2026,08/24/2026,109926074.0,$100-500M,2,True,True
315590,"SOUNDPATH RETIREMENT STRATEGIES, LLC","           134,458,441.00",8,Y,3,WA,BELLEVUE,Approved,11/13/2025,01/22/2026,134458441.0,$100-500M,8,True,True
315778,"BRANDON HILL WEALTH MANAGEMENT, LLC","            48,388,343.00",1,Y,1,,,Approved,04/16/2026,06/09/2026,48388343.0,$25-100M,1,True,True
315808,SCENIC MANAGEMENT LLC,"           144,587,687.00",4,Y,2,CA,SAN FRANCISCO,Approved,06/18/2026,07/30/2026,144587687.0,$100-500M,4,True,True
315935,"INFINITE GIVING ADVISORY SERVICES, INC.","           112,814,787.00",10,Y,6,GA,ATLANTA,Approved,12/04/2025,05/29/2026,112814787.0,$100-500M,10,True,True
316095,QUANTSTREET CAPITAL,"           192,641,359.00",2,Y,3,,,Approved,02/27/2026,03/06/2026,192641359.0,$100-500M,2,True,True
316103,"FINANCIAL DESIGN GROUP, LLC","           113,390,453.00",3,Y,1,NE,LAVISTA,Approved,09/24/2025,01/06/2026,113390453.0,$100-500M,3,True,True
316395,"PAVAKI CAPITAL MANAGEMENT, LLC","           410,135,655.00",6,Y,13,,,Approved,05/04/2026,08/06/2026,410135655.0,$100-500M,6,True,True
316431,KAIYO WEALTH LLC,"           240,126,229.00",4,Y,3,CA,SAN DIEGO,Approved,03/27/2026,04/20/2026,240126229.0,$100-500M,4,True,True
316673,NEU WEALTH GROUP,"           291,796,694.00",2,Y,2,,,Approved,11/19/2025,03/17/2026,291796694.0,$100-500M,2,True,True
316716,BONACCORD CAPITAL PARTNERS,"         4,189,964,383.00",35,Y,2,NY,NEW YORK,Approved,02/05/2026,03/30/2026,4189964383.0,>$1B,35,True,True
316750,FIFTH ERA PARTNERS LP,"           184,237,423.00",8,Y,4,,,Approved,08/12/2025,03/31/2026,184237423.0,$100-500M,8,True,True
316761,THE AMBRUS GROUP LLC,"           485,069,000.00",5,Y,2,FL,TAMPA,Approved,01/15/2026,05/28/2026,485069000.0,$100-500M,5,True,True
316853,"IPCP MANAGEMENT, LLC","           345,577,803.00",12,Y,3,FL,BOCA RATON,Approved,09/03/2025,03/31/2026,345577803.0,$100-500M,12,True,True
316908,INTELLICAPITAL ADVISORS LLC,"           116,256,711.00",3,Y,7,FL,PONTE VEDRA,Approved,02/05/2026,08/24/2026,116256711.0,$100-500M,3,True,True
316917,MYTIMEEQUITY,"           183,983,000.00",7,Y,4,TX,PLANO,Approved,08/05/2026,07/01/2026,183983000.0,$100-500M,7,True,True
316942,RETIRE READY WEALTH MANAGEMENT,"           100,099,000.00",1,Y,5,PA,RADNOR,Approved,04/28/2026,03/27/2026,100099000.0,$100-500M,1,True,True
317040,IDLE HILL ADVISORS LLC,"           107,479,012.00",7,Y,1,SC,GREENVILLE,Approved,02/19/2026,06/18/2026,107479012.0,$100-500M,7,True,True
317161,SYNCHRONOUS WEALTH ADVISORS LLC,"           286,055,158.00",3,Y,1,,,Approved,11/25/2025,05/04/2026,286055158.0,$100-500M,3,True,True
317204,GASSMAN FINANCIAL LLC,"           112,563,268.00",2,N,0,NH,SALEM,Approved,03/13/2026,07/10/2026,112563268.0,$100-500M,2,False,True
317221,"ABUNDANT WEALTH PARTNERS, LLC","           103,183,113.00",2,Y,3,CA,SANTA BARBARA,Approved,01/12/2026,03/12/2026,103183113.0,$100-500M,2,True,True
317288,PEAK FINANCIAL PLANNING,"            93,000,000.00",8,Y,1,CA,CANOGA PARK,Approved,04/17/2026,08/03/2026,93000000.0,$25-100M,8,True,True
317324,WHITE OAK WEALTH PARTNERS,"           110,460,071.00",2,Y,1,NC,RALEIGH,Approved,04/20/2026,03/20/2026,110460071.0,$100-500M,2,True,True
317336,GRIDLINE,"           332,137,394.00",24,Y,8,GA,ATLANTA,Approved,07/10/2026,06/11/2026,332137394.0,$100-500M,24,True,True
317608,UHY WEALTH MANAGEMENT RIA LLC,"           102,590,862.00",6,N,0,MI,FARMINGTON HILLS,Approved,03/26/2026,04/20/2026,102590862.0,$100-500M,6,False,True
317738,KI CAPITAL WEALTH MANAGEMENT US LLC,"           145,850,933.00",5,N,0,FL,MIAMI,Approved,07/23/2026,07/14/2026,145850933.0,$100-500M,5,False,True
317832,VIRTUS FINANCIAL GROUP,"           119,364,407.00",14,Y,6,MO,OLIVETTE,Approved,04/13/2026,04/10/2026,119364407.0,$100-500M,14,True,True
318056,ATTLEBORO WEALTH MANAGEMENT LLC,"           129,279,398.00",6,Y,5,PA,YARDLEY,Approved,08/21/2025,05/05/2026,129279398.0,$100-500M,6,True,True
318241,DIVVI WEALTH MANAGEMENT,"           127,446,693.00",4,Y,6,MO,KANSAS CITY,Approved,09/29/2025,03/19/2026,127446693.0,$100-500M,4,True,True
318443,WNDRCO CAPITAL MANAGEMENT LLC,"         1,052,836,560.00",18,Y,3,CA,SAN FRANCISCO,Approved,08/10/2026,07/10/2026,1052836560.0,>$1B,18,True,True
318549,UNLESS MANAGEMENT LP,"           252,725,527.00",4,Y,2,CO,BOULDER,Approved,08/05/2026,07/17/2026,252725527.0,$100-500M,4,True,True
318558,"MISSION TRAIL CAPITAL MANAGEMENT, LLC","           214,523,795.00",4,Y,1,TX,AUSTIN,Approved,08/05/2026,06/30/2026,214523795.0,$100-500M,4,True,True
318651,"BEACON ASSOCIATES WEALTH MANAGEMENT, LLC","           101,067,667.00",4,Y,4,OH,MAUMEE,Approved,01/29/2026,03/26/2026,101067667.0,$100-500M,4,True,True
318698,DBA BIG MONEY RETIREMENT AND BIG RETIREMENT,"           147,135,626.00",26,Y,4,SC,GREENVILLE,Approved,01/02/2026,08/18/2026,147135626.0,$100-500M,26,True,True
318700,"SUTTLE CROSSLAND WEALTH ADVISORS, LLC","           101,068,809.00",2,Y,4,AZ,SCOTTSDALE,Approved,03/18/2026,05/12/2026,101068809.0,$100-500M,2,True,True
318890,PERCENT ADVISORS LLC,"            70,023,366.00",2,Y,1,NY,NEW YORK,Approved,05/07/2026,06/26/2026,70023366.0,$25-100M,2,True,True
318898,"BENSON WEALTH MANAGEMENT, INC.","           116,000,000.00",2,Y,1,,,Approved,04/03/2026,05/07/2026,116000000.0,$100-500M,2,True,True
319003,CATCHLIGHT CAPITAL MANAGEMENT LLC,"           175,727,608.00",8,Y,2,,,Approved,08/06/2025,03/30/2026,175727608.0,$100-500M,8,True,True
319179,TCP MANAGEMENT LLC,"           463,512,316.00",12,Y,2,GA,ATLANTA,Approved,07/21/2026,06/24/2026,463512316.0,$100-500M,12,True,True
319218,SWAD WEALTH MANAGEMENT LLC,"           111,061,079.00",2,Y,3,CA,SANTA ROSA,Approved,08/07/2026,07/08/2026,111061079.0,$100-500M,2,True,True
319230,WOLFSTONE WEALTH,"           110,330,007.00",2,Y,1,,,Approved,05/11/2026,05/07/2026,110330007.0,$100-500M,2,True,True
319273,"FINANCIAL PLANNING FIRST, LLC","           113,861,377.00",3,Y,3,AZ,TUSCON,Approved,11/19/2025,03/09/2026,113861377.0,$100-500M,3,True,True
319494,GOI,"           111,348,774.00",3,Y,5,FL,MIAMI,Approved,04/02/2026,04/02/2026,111348774.0,$100-500M,3,True,True
319716,"WHARTON WEALTH PLANNING, LLC","            36,871,967.00",1,Y,5,NY,NEW YORK,Approved,04/09/2026,07/02/2026,36871967.0,$25-100M,1,True,True
321215,WRIGHT WEALTH LLC,"           188,462,210.00",7,Y,3,GA,ATLANTA,Approved,06/04/2026,06/10/2026,188462210.0,$100-500M,7,True,True
321648,"SNOW PEAK CAPITAL, LLC","           174,287,948.00",7,Y,2,CO,BROOMFIELD,Approved,08/27/2026,07/28/2026,174287948.0,$100-500M,7,True,True
321649,NEXT HORIZON CAPITAL,"           505,833,411.00",7,Y,2,CA,SAN FRANCISCO,Approved,07/23/2026,07/29/2026,505833411.0,$500M-1B,7,True,True
321689,"ZENITH ADVISORY GROUP, LLC","           115,437,420.00",4,Y,4,FL,THE VILLAGES,Approved,02/06/2026,02/18/2026,115437420.0,$100-500M,4,True,True
321737,DIVERSIFIED PLANNING STRATEGIES ADVISORS LLC,"           154,398,323.00",6,Y,6,NJ,ROSELAND,Approved,06/01/2026,07/28/2026,154398323.0,$100-500M,6,True,True
321759,CERTUM GROUP,"           275,619,822.00",20,Y,2,NJ,NEWARK,Approved,08/05/2026,06/29/2026,275619822.0,$100-500M,20,True,True
321900,SUNDIAL WEALTH LLC,"           125,789,000.00",3,Y,1,FL,DELRAY BEACH,Approved,01/02/2026,07/01/2026,125789000.0,$100-500M,3,True,True
321942,DEFINITION CAPITAL,"           791,895,131.00",4,Y,4,NY,NEW YORK,Approved,07/23/2026,07/14/2026,791895131.0,$500M-1B,4,True,True
321957,FINISH WELL RIA LLC,"           109,000,000.00",2,Y,1,OH,COLUMBUS,Approved,06/12/2026,06/25/2026,109000000.0,$100-500M,2,True,True
322098,ALBION RIVER,"         2,062,247,355.00",4,Y,2,MD,ROCKVILLE,Approved,08/13/2025,05/11/2026,2062247355.0,>$1B,4,True,True
322344,"SOLAS BIOVENTURES MANAGEMENT, LLC","           164,966,818.00",6,Y,1,TN,CHATTANOOGA,Approved,11/19/2025,07/30/2026,164966818.0,$100-500M,6,True,True
322620,BOX HILL PRIVATE WEALTH,"           137,466,560.00",1,Y,1,,,Approved,03/04/2026,03/11/2026,137466560.0,$100-500M,1,True,True
322676,PANTELES ADVISORS,"           108,183,493.00",4,N,0,TX,ARGYLE,Approved,05/15/2026,08/21/2026,108183493.0,$100-500M,4,False,True
322956,S3 CAPITAL ADVISORS LLC,"         3,640,296,517.00",39,Y,3,NY,NEW YORK,Approved,02/17/2026,01/13/2026,3640296517.0,>$1B,39,True,True
323067,DARDANELLES CAPITAL LP,"           114,237,861.00",3,Y,1,MA,BOSTON,Approved,11/18/2025,08/13/2026,114237861.0,$100-500M,3,True,True
323154,ALIGN VENTURES,"         2,464,681,528.00",17,Y,2,,,Approved,08/14/2025,08/04/2026,2464681528.0,>$1B,17,True,True
323161,QUORUS INC.,"           148,224,228.00",7,Y,2,CT,WESTPORT,Approved,06/10/2026,06/09/2026,148224228.0,$100-500M,7,True,True
323281,STAGE 2 PLANNING PARTNERS LLC,"           106,498,446.00",2,Y,1,VT,S BURLINGTON,Approved,03/26/2026,06/01/2026,106498446.0,$100-500M,2,True,True
323291,"NVERSES CAPITAL, LLC","           184,082,000.00",11,Y,1,FL,WELLINGTON,Approved,08/13/2025,03/31/2026,184082000.0,$100-500M,11,True,True
323348,REDFISH CAPITAL,"           119,000,000.00",4,Y,1,TX,CYPRESS,Approved,08/06/2026,08/25/2026,119000000.0,$100-500M,4,True,True
323384,O'DONNELL WEALTH MANAGEMENT,"           123,253,013.00",6,Y,1,WY,CODY,Approved,01/22/2026,02/10/2026,123253013.0,$100-500M,6,True,True
323513,"BRIGHT LAKE WEALTH MANAGEMENT, LLC","           103,644,423.00",17,Y,5,CA,REDDING,Approved,04/06/2026,04/29/2026,103644423.0,$100-500M,17,True,True
323530,"TRAILWISE FINANCIAL PARTNERS, LLC","           144,773,386.00",4,Y,2,CO,GOLDEN,Approved,02/23/2026,04/01/2026,144773386.0,$100-500M,4,True,True
323615,"ALIGN WEALTH MANAGEMENT, LLC","           116,708,805.00",2,Y,1,CA,SAN JOSE,Approved,03/26/2026,08/07/2026,116708805.0,$100-500M,2,True,True
323636,"CHAMPION HILL LABS, LLC","           289,112,753.00",4,Y,2,,,Approved,08/05/2026,06/29/2026,289112753.0,$100-500M,4,True,True
323733,LEVEL VENTURES MANAGEMENT LLC,"           310,869,517.00",7,Y,2,FL,SUNNY ISLES BEACH,Approved,08/05/2026,06/29/2026,310869517.0,$100-500M,7,True,True
323742,MAROON PASS ADVISORS LP,"           178,570,458.00",2,Y,2,TX,AUSTIN,Approved,03/03/2026,01/30/2026,178570458.0,$100-500M,2,True,True
323884,BLUHAUS CAPITAL MANAGEMENT LLC,"           230,812,513.00",3,N,0,PR,GUAYNABO,Approved,05/01/2026,04/13/2026,230812513.0,$100-500M,3,False,True
323914,OAKLEIGH WEALTH SERVICES,"           102,494,493.00",2,Y,4,VA,CROZET,Approved,08/14/2026,07/16/2026,102494493.0,$100-500M,2,True,True
323979,BICE WEALTH MANAGEMENT LLC,"           164,479,827.00",3,N,0,FL,MIAMI,Approved,12/11/2025,03/30/2026,164479827.0,$100-500M,3,False,True
324009,VENREX INVESTMENT MANAGEMENT LLP,"           541,028,932.00",13,Y,2,,LONDON,Approved,01/21/2026,03/04/2026,541028932.0,$500M-1B,13,True,True
324090,FINANCES FOR REAL LIFE,"           108,598,044.00",2,Y,1,CA,LOMPOC,Approved,04/23/2026,06/03/2026,108598044.0,$100-500M,2,True,True
324212,STORR GROUP,"           309,522,034.00",8,Y,3,FL,WEST PALM BEACH,Approved,02/13/2026,01/16/2026,309522034.0,$100-500M,8,True,True
324314,INTERCAPITAL,"           198,665,248.00",2,Y,2,TX,AUSTIN,Approved,06/12/2026,05/14/2026,198665248.0,$100-500M,2,True,True
324358,"TRANSITION EQUITY PARTNERS, LLC","           501,770,331.00",10,Y,2,IL,CHICAGO,Approved,07/22/2026,06/22/2026,501770331.0,$500M-1B,10,True,True
324401,"OVERLAY MANAGEMENT, LLC","           168,634,170.00",16,Y,1,GA,ALPHARETTA,Approved,05/01/2026,04/28/2026,168634170.0,$100-500M,16,True,True
324422,"603 FINANCIAL ADVISORS, LLC","           106,891,642.00",1,Y,2,,,Approved,03/09/2026,06/23/2026,106891642.0,$100-500M,1,True,True
324496,EXPECT EQUITY LLC,"           167,197,447.00",7,Y,2,MD,PIKESVILLE,Approved,08/05/2026,06/29/2026,167197447.0,$100-500M,7,True,True
324518,"MCP MANAGEMENT, LP","         2,698,587,008.00",8,Y,2,TX,AUSTIN,Approved,08/04/2025,07/10/2026,2698587008.0,>$1B,8,True,True
324681,YELLOWSTONE CAPITAL PARTNERS,"           288,558,750.00",2,Y,2,FL,GAINESVILLE,Approved,08/27/2025,04/27/2026,288558750.0,$100-500M,2,True,True
324740,ALLEGRO MINERAL PARTNERS LLC,"           135,327,850.00",17,Y,1,TX,HOUSTON,Approved,03/26/2026,05/19/2026,135327850.0,$100-500M,17,True,True
325026,BUTTERWORTH FINANCIAL LLC,"           103,300,000.00",1,Y,1,MA,DANVERS,Approved,11/18/2025,01/22/2026,103300000.0,$100-500M,1,True,True
325189,EVERKEY FINANCIAL LLC,"            10,572,425.00",1,Y,3,TX,KATY,Approved,04/21/2026,03/19/2026,10572425.0,<$25M,1,True,True
325197,ONDO CAPITAL MANAGEMENT LLC,"           952,507,376.00",35,Y,6,CT,GREENWICH,Approved,08/06/2025,05/13/2026,952507376.0,$500M-1B,35,True,True
325205,ADVAITA CAPITAL LLC,"           315,742,941.00",3,Y,2,MA,BOSTON,Approved,08/05/2026,06/29/2026,315742941.0,$100-500M,3,True,True
325262,"MOMENT ADVISORS, LLC","            56,295,215.00",6,Y,1,NY,NEW YORK,Approved,05/07/2026,08/28/2026,56295215.0,$25-100M,6,True,True
325288,CJC WEALTH MANAGEMENT,"           121,906,496.00",5,Y,4,,,Approved,07/09/2026,08/13/2026,121906496.0,$100-500M,5,True,True
325314,TWIN LIONS MANAGEMENT,"           215,869,723.00",3,Y,2,CT,STAMFORD,Approved,07/22/2026,06/26/2026,215869723.0,$100-500M,3,True,True
325368,"EPILOG PARTNERS, LP.","           181,550,303.00",3,Y,2,MA,BOSTON,Approved,11/20/2025,04/07/2026,181550303.0,$100-500M,3,True,True
325593,INCISION CAPITAL MANAGEMENT LP,"           220,288,168.00",2,Y,1,CA,SAN FRANCISCO,Approved,07/08/2026,06/03/2026,220288168.0,$100-500M,2,True,True
325612,ARSENAL CAPITAL ADVISORS LLC,"           267,086,889.00",3,Y,2,PA,CONSHOHOCKEN,Approved,12/18/2025,06/05/2026,267086889.0,$100-500M,3,True,True
325617,BALANCE CAPITAL PARTNERS L.P.,"           195,719,725.00",3,Y,1,FL,MIAMI,Approved,08/05/2026,06/29/2026,195719725.0,$100-500M,3,True,True
325650,ENSIGN ADVISORY PARTNERS LLC,"           101,016,323.00",3,N,0,AZ,GILBERT,Approved,05/07/2026,08/14/2026,101016323.0,$100-500M,3,False,True
325702,RIOBLANCO CAPITAL LLC,"           171,968,389.00",17,Y,2,PR,SAN JUAN,Approved,08/21/2025,07/30/2026,171968389.0,$100-500M,17,True,True
325706,ASCENT FINANCIAL GROUP,"           100,790,206.00",2,Y,3,VA,RICHMOND,Approved,03/17/2026,02/10/2026,100790206.0,$100-500M,2,True,True
325725,GREENSKEEPER ASSET MANAGEMENT INC.,"           116,268,818.00",4,Y,7,,"OAKVILLE, ONTARIO",Approved,11/21/2025,02/09/2026,116268818.0,$100-500M,4,True,True
325763,CHECKPOINT CAPITAL L.P.,"           333,777,310.00",2,Y,1,CA,SAN FRANCISCO,Approved,08/19/2025,03/27/2026,333777310.0,$100-500M,2,True,True
325777,ISLAND GREEN CAPITAL MANAGEMENT LLC,"           416,895,898.00",5,Y,2,,,Approved,07/08/2026,06/05/2026,416895898.0,$100-500M,5,True,True
325857,"SANCTUARY FINANCIAL PLANNING, LLC","           102,173,006.00",3,Y,13,,,Approved,05/27/2026,06/24/2026,102173006.0,$100-500M,3,True,True
326011,ERIE STREET GROWTH PARTNERS,"           221,245,193.00",2,Y,2,IL,CHICAGO,Approved,08/05/2026,06/29/2026,221245193.0,$100-500M,2,True,True
326015,FULLY FINANCIAL,"           111,147,357.00",3,Y,4,GA,ATHENS,Approved,07/14/2026,07/02/2026,111147357.0,$100-500M,3,True,True
326283,PEARL WEALTH GROUP,"           102,909,000.00",4,Y,5,,,Approved,02/12/2026,06/05/2026,102909000.0,$100-500M,4,True,True
326510,BREYTA CAPITAL PARTNERS,"           377,556,837.00",4,Y,2,NY,BROOKLYN,Approved,08/05/2026,06/29/2026,377556837.0,$100-500M,4,True,True
326868,ALTAR ROCK,"           158,692,083.00",7,Y,2,,,Approved,11/18/2025,08/14/2026,158692083.0,$100-500M,7,True,True
326908,CAIRN FINANCIAL PLANNING,                      .00,1,Y,3,,,Approved,08/07/2025,04/22/2026,0.0,$0 reported,1,True,True
327226,JUST FUTURES,"            46,721,000.00",6,Y,3,CA,SAN FRANCISCO,Approved,03/20/2026,02/20/2026,46721000.0,$25-100M,6,True,True
327289,MOELIS ASSET CATALYST PARTNERS,"           288,156,391.00",4,Y,3,MO,ST LOUIS,Approved,11/13/2025,03/30/2026,288156391.0,$100-500M,4,True,True
327402,TAX & INVESTMENT ADVISORS,"           101,504,000.00",3,Y,4,MA,NEWBURYPORT,Approved,05/21/2026,05/07/2026,101504000.0,$100-500M,3,True,True
327452,SORYN IP CAPITAL MANAGEMENT,"           168,053,781.00",3,Y,2,NJ,MILLBURN,Approved,08/21/2026,07/23/2026,168053781.0,$100-500M,3,True,True
327487,DAYAH CAPITAL LLC,"           264,841,930.00",7,Y,1,CT,STAMFORD,Approved,07/22/2026,06/24/2026,264841930.0,$100-500M,7,True,True
327519,CASTFIRM ADVISORS LLC,"            30,000,000.00",3,Y,1,NY,GARDEN CITY,Approved,05/01/2026,05/11/2026,30000000.0,$25-100M,3,True,True
327590,"HARVEY CAPITAL PARTNERS, L.P.","         1,255,080,173.00",15,Y,2,NY,NEW YORK,Approved,11/17/2025,03/16/2026,1255080173.0,>$1B,15,True,True
327645,SEASIDE WEALTH ADVISORS LLC,"           103,460,697.00",5,Y,6,,,Approved,01/21/2026,07/16/2026,103460697.0,$100-500M,5,True,True
327738,LIBERTY ATLANTIC ADVISORS,"           185,816,561.00",8,Y,4,,FLORENCE,Approved,01/22/2026,07/23/2026,185816561.0,$100-500M,8,True,True
327785,"MAVROS CAPITAL MANAGEMENT, LLC","            32,102,083.00",6,Y,1,NY,NEW YORK,Approved,08/08/2025,07/14/2026,32102083.0,$25-100M,6,True,True
327794,TOTAL WEALTH SOLUTIONS,"           148,000,000.00",2,Y,5,CA,LOS ALTOS,Approved,04/27/2026,05/05/2026,148000000.0,$100-500M,2,True,True
327845,VALLEY WEALTH MANAGEMENT,"           111,533,034.00",3,Y,4,WI,OSHKOSH,Approved,05/05/2026,04/30/2026,111533034.0,$100-500M,3,True,True
327858,HIGH RIVER RESOURCES MANAGEMENT LLC,"           232,753,440.00",10,Y,2,TX,DALLAS,Approved,07/30/2025,03/31/2026,232753440.0,$100-500M,10,True,False
327954,THE COPIA GROUP,"           114,787,974.00",7,Y,2,IL,CHICAGO,Approved,12/17/2025,03/23/2026,114787974.0,$100-500M,7,True,True
328042,"TRIO WEALTH MANAGEMENT, LLC","           133,979,243.00",4,Y,2,VA,GREAT FALLS,Approved,09/29/2025,03/23/2026,133979243.0,$100-500M,4,True,True
328090,BICYCLE CAPITAL,"           518,475,206.00",10,Y,3,FL,COCONUT GROVE,Approved,03/31/2026,03/25/2026,518475206.0,$500M-1B,10,True,True
328226,SPORTSOLOGY CAPITAL PARTNERS,"           156,435,000.00",6,N,0,NY,NEW YORK,Approved,06/30/2026,06/29/2026,156435000.0,$100-500M,6,False,True
328276,BP ASSET MANAGEMENT INC.,"           155,286,000.00",3,N,0,NC,CHARLOTTE,Approved,02/19/2026,03/26/2026,155286000.0,$100-500M,3,False,True
328483,"MORGAN-ALY WEALTH MANAGEMENT, LLC","           105,268,201.00",3,Y,2,WI,WAUKESHA,Approved,03/09/2026,04/02/2026,105268201.0,$100-500M,3,True,True
328626,"1 MAIN CAPITAL MANAGEMENT, LLC","            80,523,279.00",2,Y,3,CT,WESTPORT,Approved,06/01/2026,05/01/2026,80523279.0,$25-100M,2,True,True
328695,"POINT NEMO CAPITAL, LLC","           103,767,283.00",3,Y,3,,,Approved,02/24/2026,08/26/2026,103767283.0,$100-500M,3,True,True
328886,AI FUNDS,"             2,100,691.00",3,Y,2,CA,SAUSALITO,Approved,05/28/2026,04/27/2026,2100691.0,<$25M,3,True,True
329079,ELEVATE FINANCIAL PLANNING AND WEALTH MANAGEMENT,"           107,110,000.00",38,Y,1,FL,ST. PETERSBURG,Approved,03/06/2026,06/11/2026,107110000.0,$100-500M,38,True,True
329089,PLANGUIDE FINANCIAL,"           277,250,000.00",1,Y,2,TX,SOUTHLAKE,Approved,03/09/2026,06/16/2026,277250000.0,$100-500M,1,True,True
329126,MENDOZA PRIVATE WEALTH,"           101,369,000.00",1,Y,4,FL,NORTH MIAMI,Approved,04/13/2026,08/07/2026,101369000.0,$100-500M,1,True,True
329208,GRAND CENTRAL MUSIC,"           287,626,184.00",4,N,0,,,Approved,05/01/2026,05/18/2026,287626184.0,$100-500M,4,False,True
329317,SOLIST FINANCIAL,"           130,131,318.00",1,Y,3,FL,TAMPA,Approved,07/06/2026,08/03/2026,130131318.0,$100-500M,1,True,True
329383,"34 FINANCIAL, LLC","           100,983,071.00",4,Y,1,GA,ATLANTA,Approved,02/12/2026,02/12/2026,100983071.0,$100-500M,4,True,True
329458,SWIFTWATER CAPITAL,"           170,887,842.00",3,Y,1,,,Approved,12/05/2025,02/09/2026,170887842.0,$100-500M,3,True,True
329576,CIRO CAPITAL LLC,"           117,442,000.00",2,Y,2,NJ,JERSEY CITY,Approved,05/18/2026,05/07/2026,117442000.0,$100-500M,2,True,True
329585,"MAXWELL STREET CAPITAL PARTNERS, LP","           284,297,177.00",9,Y,2,IL,EVANSTON,Approved,07/23/2026,06/26/2026,284297177.0,$100-500M,9,True,True
329595,RIVERTREE WEALTH,"           143,107,874.00",6,Y,6,AR,LITTLE ROCK,Approved,09/22/2025,07/31/2026,143107874.0,$100-500M,6,True,True
329601,KUCHARO WEALTH,"           123,656,801.00",2,Y,1,NC,CHARLOTTE,Approved,03/20/2026,08/20/2026,123656801.0,$100-500M,2,True,True
329811,"WESTERN RESERVE CAPITAL MANAGEMENT, LLC","           120,226,420.00",2,Y,7,OH,HUDSON,Approved,02/10/2026,01/09/2026,120226420.0,$100-500M,2,True,True
329852,IHS WEALTH MANAGEMENT LLC,"            39,405,464.00",2,Y,1,NY,OYSTER BAY,Approved,05/01/2026,06/12/2026,39405464.0,$25-100M,2,True,True
330038,"PRIVATE CLIENT ADVISOR GROUP, LLC","           110,000,000.00",6,Y,3,FL,PALM CITY,Approved,12/09/2025,08/01/2026,110000000.0,$100-500M,6,True,True
330151,"INVISION MANAGEMENT, INC.","         1,340,798,481.00",26,Y,2,IL,CHICAGO,Approved,08/06/2026,06/29/2026,1340798481.0,>$1B,26,True,True
330178,THE O.H.I.O. FUND,"           474,598,765.00",10,Y,2,OH,CLEVELAND,Approved,04/29/2026,03/30/2026,474598765.0,$100-500M,10,True,True
330189,"BALLAST EQUITY PARTNERS MANAGEMENT COMPANY, LLC","           111,922,530.00",5,Y,2,RI,PROVIDENCE,Approved,06/02/2026,05/14/2026,111922530.0,$100-500M,5,True,True
330201,"APRICITY FINANCIAL, LLC","           110,796,561.00",6,Y,4,,,Approved,12/02/2025,07/27/2026,110796561.0,$100-500M,6,True,True
330231,N.L.C. LLC,"           286,066,300.00",2,N,0,FL,BOCA RATON,Approved,08/05/2026,08/09/2026,286066300.0,$100-500M,2,False,True
330252,PORT CAPITAL MANAGEMENT,"            29,811,084.00",1,Y,2,NY,MASSAPEQUA,Approved,04/13/2026,03/13/2026,29811084.0,$25-100M,1,True,True
330330,KINGWOOD INVESTMENT GROUP,"           126,548,584.00",7,Y,1,TX,KINGWOOD,Approved,12/18/2025,03/20/2026,126548584.0,$100-500M,7,True,True
330374,KUKUI TREE CAPITAL MANAGEMENT LLC,"           105,200,000.00",2,Y,2,CA,PALO ALTO,Approved,07/23/2026,06/25/2026,105200000.0,$100-500M,2,True,True
330398,DOUBLE EAGLE WEALTH MANAGEMENT LLC,"           108,579,555.00",2,Y,6,TX,DALLAS,Approved,06/12/2026,07/09/2026,108579555.0,$100-500M,2,True,True
330449,PONTEM INVESTMENT MANAGEMENT COMPANY,"           279,146,000.00",6,Y,1,TX,HOUSTON,Approved,08/05/2026,08/12/2026,279146000.0,$100-500M,6,True,True
330536,FEYNMAN POINT ASSET MANAGEMENT,"           198,388,333.00",15,Y,1,NY,NEW YORK,Approved,08/19/2025,03/27/2026,198388333.0,$100-500M,15,True,True
330567,TUMOLO WEALTH MANAGEMENT LLC,"           134,000,000.00",7,Y,3,CT,EAST LYME,Approved,02/26/2026,07/20/2026,134000000.0,$100-500M,7,True,True
330571,"COUNTER GLOBAL, L.P.","           172,658,636.00",3,Y,2,CA,SANTA MONICA,Approved,07/23/2026,06/26/2026,172658636.0,$100-500M,3,True,True
330609,"FINDICIA, INC.",                      .00,1,Y,1,NC,RALEIGH,120-Day Approval,06/04/2026,04/27/2026,0.0,$0 reported,1,True,True
330611,STEWARDSHIP CONCEPTS FINANCIAL SERVICES LLC,"           174,620,530.00",4,Y,4,WA,SPOKANE,Approved,08/14/2025,01/20/2026,174620530.0,$100-500M,4,True,True
330668,"RIDGELINE CAPITAL MANAGEMENT, LLC","           228,307,588.00",3,Y,3,TN,MEMPHIS,Approved,07/23/2026,06/25/2026,228307588.0,$100-500M,3,True,True
330671,PARADOXIOM CAPITAL,"           125,000,000.00",3,Y,2,CT,STAMFORD,Approved,09/19/2025,07/17/2026,125000000.0,$100-500M,3,True,True
330770,NEMAN VENTURES LLC,"           853,653,573.00",2,Y,3,,,Approved,08/05/2026,07/02/2026,853653573.0,$500M-1B,2,True,True
330875,"FREEDOM VALUE PARTNERS, LLC","           119,149,107.00",2,Y,4,,,Approved,07/13/2026,08/26/2026,119149107.0,$100-500M,2,True,True
330999,"WEALTH FOUNDATIONS PARTNERS, LLC","           110,501,385.00",11,Y,3,UT,SALT LAKE CITY,Approved,06/12/2026,07/07/2026,110501385.0,$100-500M,11,True,True
331000,TOP PRIVATE WEALTH,"           106,489,782.00",2,N,0,CT,GLASTONBURY,Approved,06/24/2026,07/09/2026,106489782.0,$100-500M,2,False,True
331216,BULLET VENTURES MANAGEMENT LTD,"            24,015,000.00",2,N,0,,,Approved,12/22/2025,02/17/2026,24015000.0,<$25M,2,False,True
331226,"BLUE BEAR FINANCIAL, LLC","           147,365,028.00",6,Y,7,,,Approved,12/11/2025,08/31/2026,147365028.0,$100-500M,6,True,True
331416,QUANTITATIVE FINANCIAL STRATEGIES,"           156,199,967.00",3,Y,8,,,Approved,04/16/2026,08/10/2026,156199967.0,$100-500M,3,True,True
331568,TERRAFIRMA WEALTH PARTNERS,"           118,465,077.00",3,Y,3,CA,WALNUT CREEK,Approved,11/17/2025,03/11/2026,118465077.0,$100-500M,3,True,True
331608,"WURZ FINANCIAL SERVICES, LLC","           117,000,000.00",7,Y,15,OH,HOLLAND,Approved,01/20/2026,07/21/2026,117000000.0,$100-500M,7,True,True
331614,TRUNORTH FINANCIAL LLC,"            38,965,213.00",1,Y,4,,,Approved,09/25/2025,07/06/2026,38965213.0,$25-100M,1,True,True
331679,SWAN INVESTMENT PARTNERS,"           334,190,177.00",5,Y,2,CT,OLD GREENWICH,Approved,08/05/2026,07/16/2026,334190177.0,$100-500M,5,True,True
331708,FOXPATH CAPITAL PARTNERS LP,"            50,000,000.00",5,Y,2,NY,NEW YORK,Approved,08/21/2025,03/25/2026,50000000.0,$25-100M,5,True,True
331836,"WACONA CAPITAL, LLC","           194,115,432.00",5,Y,2,VA,CHARLOTTESVILLE,Approved,01/05/2026,11/25/2025,194115432.0,$100-500M,5,True,True
331863,"HIGHLAND RIM CAPITAL, L.P.","           209,695,701.00",7,Y,2,TN,NASHVILLE,Approved,08/05/2026,06/29/2026,209695701.0,$100-500M,7,True,True
331940,SIGNIFICANCE CAPITAL MANAGEMENT LLC,"             3,835,474.00",2,Y,3,WI,MILWAUKEE,Approved,05/15/2026,05/13/2026,3835474.0,<$25M,2,True,True
332075,CREEK DRIVE MANAGEMENT GROUP LLC,"           190,057,633.00",4,Y,2,,,Approved,02/10/2026,07/27/2026,190057633.0,$100-500M,4,True,True
332215,"PMC WEALTH, LLC","               550,000.00",2,Y,1,NY,CLARENCE,120-Day Approval,09/02/2025,08/13/2026,550000.0,<$25M,2,True,True
332226,MESON QUANTITATIVE MANAGEMENT LLC,"         1,088,540,347.00",11,Y,2,CA,SAN FRANCISCO,Approved,04/30/2026,03/31/2026,1088540347.0,>$1B,11,True,True
332251,ELEVATE PLANNERS,"            25,946,000.00",1,Y,3,,,Approved,01/12/2026,12/15/2025,25946000.0,$25-100M,1,True,True
332264,K2 WEALTH MANAGEMENT LLC,"           120,000,000.00",4,Y,2,IL,CHICAGO,Approved,04/06/2026,04/14/2026,120000000.0,$100-500M,4,True,True
332274,"COVALENCE INVESTMENT PARTNERS, L.P.","           238,357,714.00",7,Y,2,TX,HOUSTON,Approved,08/06/2026,06/30/2026,238357714.0,$100-500M,7,True,True
332374,"SILVER POINT PRIVATE CREDIT FUND MANAGEMENT, LLC","           358,593,764.00",357,Y,4,CT,GREENWICH,Approved,01/14/2026,03/31/2026,358593764.0,$100-500M,357,True,True
332396,SERENITY CAPITAL ADVISORS INC.,"            64,279,683.00",4,Y,3,NY,PITTSFORD,Approved,08/18/2025,03/20/2026,64279683.0,$25-100M,4,True,True
332415,RELIANCE WEALTH MANAGEMENT,"           134,178,280.00",15,Y,8,TX,SAN ANTONIO,Approved,01/12/2026,05/11/2026,134178280.0,$100-500M,15,True,True
332547,10X CAPITAL PARTNERS,"         1,011,292,392.00",2,Y,1,NY,NEW YORK,Approved,09/17/2025,03/31/2026,1011292392.0,>$1B,2,True,True
332549,MARATHON MANAGEMENT PARTNERS LLC,"           340,048,485.00",6,Y,2,CA,BEVERLY HILLS,Approved,08/05/2026,06/29/2026,340048485.0,$100-500M,6,True,True
332573,EXIT WEALTH ADVISORS,"           243,222,773.00",7,Y,5,GA,ALPHARETTA,Approved,11/17/2025,03/25/2026,243222773.0,$100-500M,7,True,True
332590,INFINITY TAX & FINANCIAL PLANNING,"           100,020,965.00",6,Y,4,AL,HUNTSVILLE,Approved,06/18/2026,07/29/2026,100020965.0,$100-500M,6,True,True
332595,WEALTH EASE WEALTH MANAGEMENT,"           132,151,221.00",3,Y,7,MI,MARSHALL,Approved,02/18/2026,03/06/2026,132151221.0,$100-500M,3,True,True
332607,INVESTLINC WEALTH SERVICES,"           115,607,769.00",3,Y,4,CA,BREA,Approved,08/06/2026,08/10/2026,115607769.0,$100-500M,3,True,True
332654,IKALON ADVISORS LLC,"           442,106,381.00",2,N,0,FL,MIAMI,Approved,04/08/2026,08/06/2026,442106381.0,$100-500M,2,False,True
332778,"STRICKLER INVESTMENT SERVICES, LLC","           107,259,633.00",9,Y,3,MI,BRIGHTON,Approved,03/06/2026,08/27/2026,107259633.0,$100-500M,9,True,True
332823,"MGFS PRIVATE WEALTH, LLC","           116,744,929.00",3,Y,2,,,Approved,04/23/2026,05/11/2026,116744929.0,$100-500M,3,True,True
332881,ACACIA GROVE WEALTH MANAGEMENT,"            41,601,668.00",1,Y,2,NY,SCHENECTADY,Approved,08/27/2026,08/21/2026,41601668.0,$25-100M,1,True,True
332901,"SHENANDOAH ENERGY MANAGEMENT, LLC","           253,879,375.00",12,Y,1,CO,HIGHLANDS RANCH,Approved,08/05/2026,07/20/2026,253879375.0,$100-500M,12,True,True
332920,NEXTBIO CAPITAL MANAGEMENT LP,"           305,214,283.00",6,Y,2,TX,AUSTIN,Approved,07/23/2026,07/07/2026,305214283.0,$100-500M,6,True,True
332979,HLV VENTURES,"            74,829,278.00",12,Y,5,NY,HAUPPAUGE,Approved,09/03/2025,06/02/2026,74829278.0,$25-100M,12,True,True
333052,PRAXIS CAPITAL MANAGEMENT LLC,"           301,430,999.00",12,Y,2,IL,CHICAGO,Approved,11/19/2025,03/23/2026,301430999.0,$100-500M,12,True,True
333153,CAXTON ASSOCIATES LLP,"        71,557,546,999.00",130,Y,2,,LONDON,Approved,06/23/2026,06/15/2026,71557546999.0,>$1B,130,True,True
333154,INTEGRITY ROAD WEALTH PARTNERS LLC,"           125,962,624.00",3,Y,2,TX,HOUSTON,Approved,01/12/2026,07/20/2026,125962624.0,$100-500M,3,True,True
333235,HERMITAGE WEALTH,"            37,535,475.00",14,Y,3,VA,RICHMOND,Approved,09/30/2025,03/31/2026,37535475.0,$25-100M,14,True,True
333275,INNOVAYTE CAPITAL,                      .00,2,N,0,TX,DALLAS,120-Day Approval,11/21/2025,03/08/2026,0.0,$0 reported,2,False,True
333284,BULLSEYE INVESTMENT GROUP,"            55,650,000.00",1,Y,1,,,Approved,08/12/2025,01/27/2026,55650000.0,$25-100M,1,True,True
333393,IDEAL RETIREMENT SOLUTIONS,"           123,519,511.00",8,Y,2,FL,PORT CHARLOTTE,Approved,09/04/2025,04/30/2026,123519511.0,$100-500M,8,True,True
333406,"EMERGENT STRATEGIC PARTNERS, LLC","           598,680,867.00",5,Y,1,,,Approved,07/21/2026,07/20/2026,598680867.0,$500M-1B,5,True,True
333436,"XENA FINANCIAL PLANNING, LLC","           104,461,476.00",4,Y,7,OR,PORTLAND,Approved,12/12/2025,04/27/2026,104461476.0,$100-500M,4,True,True
333442,PURSUIT FUND ADVISERS LLC,"            71,554,731.00",7,Y,1,,,Approved,08/11/2025,05/11/2026,71554731.0,$25-100M,7,True,True
333479,IGW ADVISORY INVESTMENT MANAGEMENT LLC,"           170,515,836.00",7,Y,1,CA,LOS ANGELES,Approved,12/12/2025,08/28/2026,170515836.0,$100-500M,7,True,True
333552,"INFINITUM ASSET MANAGEMENT, LLC","         1,138,676,308.00",5,N,0,FL,FORT LAUDERDALE,Approved,08/12/2025,03/31/2026,1138676308.0,>$1B,5,False,True
333559,VISIONX WEALTH PARTNERS,"           110,238,956.00",2,Y,1,IA,FORT DODGE,Approved,06/08/2026,05/11/2026,110238956.0,$100-500M,2,True,True
333626,"SPICE EXPEDITIONS, LP","           195,873,033.00",5,Y,1,CT,WESTPORT,Approved,07/22/2026,06/26/2026,195873033.0,$100-500M,5,True,True
333645,JET WEALTH ADVISORS,"           546,543,000.00",8,Y,1,CA,LA JOLLA,Approved,02/23/2026,06/05/2026,546543000.0,$500M-1B,8,True,True
333684,"ETERNAL CAPITAL, LLC","            42,745,886.00",7,Y,1,FL,MIAMI,Approved,02/20/2026,06/18/2026,42745886.0,$25-100M,7,True,True
333745,MAREK CAPITAL MANAGEMENT LP,"           422,396,864.00",9,Y,1,NY,NEW YORK,Approved,11/14/2025,03/12/2026,422396864.0,$100-500M,9,True,True
333752,HORIZON WEALTH,"           147,239,402.00",7,Y,7,CO,DENVER,Approved,11/19/2025,07/27/2026,147239402.0,$100-500M,7,True,True
333778,ONE-UP FINANCIAL,"           107,461,065.00",9,Y,4,PA,ERIE,Approved,05/21/2026,05/05/2026,107461065.0,$100-500M,9,True,True
333911,"WILLOW CREEK CAPITAL MANAGEMENT, INC.","           280,030,435.00",4,Y,2,MT,MISSOULA,Approved,12/09/2025,08/26/2026,280030435.0,$100-500M,4,True,True
333924,FUSION CAPITAL,"           461,353,227.00",9,Y,2,CA,LOS ANGELES,Approved,07/13/2026,06/10/2026,461353227.0,$100-500M,9,True,True
334039,ADVICEONLY,                      .00,6,Y,10,CA,SAN DIEGO,Approved,02/06/2026,08/05/2026,0.0,$0 reported,6,True,True
334134,SPRINGLAKE FINANCIAL PARTNERS,"           104,756,929.00",2,Y,1,,,Approved,04/24/2026,04/17/2026,104756929.0,$100-500M,2,True,True
334198,TINGEY FINANCIAL GROUP INC.,"           257,028,031.00",7,N,0,,,Approved,06/10/2026,06/01/2026,257028031.0,$100-500M,7,False,True
334205,SG REAL ESTATE I,"           203,474,000.00",20,Y,1,MI,SOUTHFIELD,Approved,08/25/2025,01/05/2026,203474000.0,$100-500M,20,True,True
334212,"INTER US MANAGEMENT, LLC","            83,373,378.00",6,N,0,FL,MIAMI,Approved,12/22/2025,03/31/2026,83373378.0,$25-100M,6,False,True
334271,WHEALTHY EMPOWERMENT NETWORK,"           107,770,717.00",3,Y,15,,,Approved,04/09/2026,04/14/2026,107770717.0,$100-500M,3,True,True
334275,DOMINARI IM LLC,"           302,397,662.00",3,N,0,NY,NEW YORK,Approved,08/11/2026,06/30/2026,302397662.0,$100-500M,3,False,True
334282,ONE OAK,"           110,379,326.00",7,Y,1,,,Approved,04/20/2026,07/15/2026,110379326.0,$100-500M,7,True,True
334296,SQUADRON CAPITAL MANAGEMENT LLC,"           385,684,763.00",4,Y,1,IL,OAK BROOK,Approved,08/05/2026,06/29/2026,385684763.0,$100-500M,4,True,True
334323,CONIFER INFRASTRUCTURE PARTNERS,"           164,844,841.00",14,Y,2,PA,SEWICKLEY,Approved,08/05/2026,06/29/2026,164844841.0,$100-500M,14,True,True
334354,"ARA GC PARTNERS, LLC","           935,931,451.00",23,Y,2,TX,HOUSTON,Approved,07/30/2025,04/01/2026,935931451.0,$500M-1B,23,True,False
334404,ERA FINANCIAL ADVISORS,                      .00,7,Y,6,CA,COVINA,120-Day Approval,12/23/2025,04/21/2026,0.0,$0 reported,7,True,True
334454,BARRAMUNDI ADVISORS LLC,"           390,402,667.00",7,N,0,FL,BOCA RATON,Approved,11/20/2025,05/05/2026,390402667.0,$100-500M,7,False,True
334468,MOZAYYX MANAGEMENT LLC,"           192,696,580.00",4,Y,1,TX,AUSTIN,Approved,12/10/2025,08/12/2026,192696580.0,$100-500M,4,True,True
334495,"NOVO HOLDINGS US INVESTMENT ADVISOR, INC.","           338,614,945.00",25,N,0,MA,BOSTON,Approved,08/05/2026,06/29/2026,338614945.0,$100-500M,25,False,True
334510,VARIANT PERCEPTION,"            31,890,778.00",1,Y,6,NC,CHARLOTTE,Approved,11/25/2025,03/31/2026,31890778.0,$25-100M,1,True,True
334743,VAN DIEST CAPITAL,"           144,104,427.00",8,Y,2,IA,POLK CITY,Approved,03/04/2026,08/25/2026,144104427.0,$100-500M,8,True,True
334754,NIM WEALTH SOLUTIONS,"           116,755,871.00",6,Y,3,CA,SAN JOSE,Approved,03/20/2026,08/11/2026,116755871.0,$100-500M,6,True,True
334760,WEALTH SCRIPT ADVISORS,"           121,388,307.00",2,Y,8,CA,SAN FRANCISCO,Approved,07/17/2026,08/17/2026,121388307.0,$100-500M,2,True,True
334800,"GDEV MANAGEMENT, LLC","           459,708,441.00",11,Y,2,NY,NEW YORK,Approved,07/10/2026,06/10/2026,459708441.0,$100-500M,11,True,True
334813,HUNTERS MOON CAPITAL LLP,"           802,593,655.00",9,Y,2,,LONDON,Approved,11/21/2025,07/16/2026,802593655.0,$500M-1B,9,True,True
334853,"FAIR ASSET MANAGEMENT, LLC","           119,766,244.00",1,Y,3,,,Approved,03/11/2026,03/12/2026,119766244.0,$100-500M,1,True,True
334936,TAP ROOT CAPITAL MANAGEMENT LP,"           297,287,232.00",8,Y,2,NJ,SUMMIT,Approved,11/13/2025,05/11/2026,297287232.0,$100-500M,8,True,True
334986,"PALM PEAK CAPITAL, LLC","           400,841,880.00",9,Y,2,FL,BOCA RATON,Approved,07/23/2026,06/24/2026,400841880.0,$100-500M,9,True,True
335007,1789 CAPITAL MANAGEMENT,"         2,725,022,048.00",13,Y,3,FL,PALM BEACH,Approved,08/29/2025,08/11/2026,2725022048.0,>$1B,13,True,True
335028,BROADVIEW WEALTH PARTNERS,"           304,671,215.00",7,Y,2,CO,BOULDER,Approved,08/01/2025,08/03/2026,304671215.0,$100-500M,7,True,True
335067,TAURUS FINANCIAL,"           162,463,905.00",3,Y,3,NJ,JERSEY CITY,Approved,01/15/2026,05/20/2026,162463905.0,$100-500M,3,True,True
335103,CARNELIAN ASSET MANAGEMENT & ADVISORS PRIVATE LIMITED,"         1,498,860,000.00",73,Y,5,,"MUMBAI, MAHARASHTRA",Approved,05/11/2026,05/11/2026,1498860000.0,>$1B,73,True,True
335130,"AUGMENT ADVISORS, LLC","           342,636,254.00",3,Y,2,TX,AUSTIN,Approved,01/30/2026,04/14/2026,342636254.0,$100-500M,3,True,True
335156,"PATH CAPITAL PARTNERS, LLC","           169,002,642.00",4,N,0,FL,NORTH MIAMI BEACH,Approved,07/23/2026,06/26/2026,169002642.0,$100-500M,4,False,True
335174,FOUNDER ETFS LLC,"             2,865,139.00",1,N,0,TX,DALLAS,Approved,08/27/2025,05/01/2026,2865139.0,<$25M,1,False,True
335203,SEVEN FLEET CAPITAL MANAGEMENT LP,"           434,581,362.00",4,N,0,,,Approved,08/05/2026,07/06/2026,434581362.0,$100-500M,4,False,True
335236,BACK BAY FINANCIAL PLANNING & INVESTMENTS,"           120,474,144.00",4,Y,5,DE,BETHANY BEACH,Approved,08/13/2026,08/31/2026,120474144.0,$100-500M,4,True,True
335272,TACTICA LLC,"           123,548,302.00",1,N,0,,,Approved,12/11/2025,03/30/2026,123548302.0,$100-500M,1,False,True
335282,"FELIS ADVANTAGE, LP","           150,000,000.00",5,Y,1,MA,BOSTON,Approved,12/09/2025,02/25/2026,150000000.0,$100-500M,5,True,True
335309,VISTAMARK INVESTMENTS,"           322,418,864.00",4,Y,1,IL,HINSDALE,Approved,05/07/2026,07/15/2026,322418864.0,$100-500M,4,True,True
335352,LAKPA LLC,                      .00,2,N,0,,"VITACURA, SANTIAGO",Approved,09/30/2025,03/27/2026,0.0,$0 reported,2,False,True
335353,ASCENT ADVISORS,"           101,000,000.00",9,Y,6,MN,MANKATO,120-Day Approval,12/03/2025,04/01/2026,101000000.0,$100-500M,9,True,True
335362,"TRADEUP WEALTH MANAGEMENT, INC.",                      .00,5,Y,6,NY,NEW YORK,120-Day Approval,06/17/2026,05/11/2026,0.0,$0 reported,5,True,True
335448,AFT US CAPITAL LLC,                   214.00,4,Y,1,CA,SAN FRANCISCO,Approved,08/20/2025,03/27/2026,214.0,<$25M,4,True,True
335468,LOTUS,"           405,000,000.00",30,Y,2,FL,ORLANDO,Approved,08/20/2025,08/21/2026,405000000.0,$100-500M,30,True,True
335508,"ARGO INFRASTRUCTURE MANAGEMENT, LP","           133,520,677.00",17,N,0,NY,NEW YORK,Approved,12/09/2025,04/08/2026,133520677.0,$100-500M,17,False,True
335528,VIP WEALTH ADVISORS,"           126,099,231.00",1,Y,1,GA,DECATUR,Approved,04/22/2026,03/18/2026,126099231.0,$100-500M,1,True,True
335546,MYRIAD ASSET MANAGEMENT ADVISORS LLC,"           380,881,698.00",5,Y,1,FL,WEST PALM BEACH,Approved,08/11/2025,02/03/2026,380881698.0,$100-500M,5,True,True
335595,MPM ADVISORS GROUP LLC,"           116,079,005.00",3,N,0,NY,LIVERPOOL,Approved,09/22/2025,01/20/2026,116079005.0,$100-500M,3,False,True
335831,4:8 FINANCIAL,"           317,952,000.00",8,Y,2,OR,CANBY,Approved,08/01/2025,04/08/2026,317952000.0,$100-500M,8,True,True
335852,SFUMATO CAPITAL MANAGEMENT LLC,"            51,259,479.00",3,Y,2,NY,NEW YORK,Approved,08/14/2026,08/17/2026,51259479.0,$25-100M,3,True,True
335888,HIIVE ADVISORS INC.,"         1,129,870,005.00",17,Y,1,,VANCOUVER,Approved,07/23/2026,06/24/2026,1129870005.0,>$1B,17,True,True
335893,CLARA VISTA MANAGEMENT COMPANY LLC,"           169,403,522.00",3,Y,1,NY,NEW YORK,Approved,08/06/2026,06/29/2026,169403522.0,$100-500M,3,True,True
335925,SANDLOT PRIVATE WEALTH LLC,"               305,047.00",4,Y,1,UT,OREM,Approved,09/08/2025,07/14/2026,305047.0,<$25M,4,True,True
335975,MOFFATT FINANCIAL STRATEGIES,"           117,131,991.00",6,Y,4,TX,FORT WORTH,Approved,03/04/2026,03/23/2026,117131991.0,$100-500M,6,True,True
336045,DEEP BLUE CAPITAL,                      .00,1,N,0,CA,NEWPORT BEACH,120-Day Approval,01/09/2026,01/08/2026,0.0,$0 reported,1,False,True
336207,"TOURMALET ADVISORS, LP","           441,039,442.00",2,N,0,CT,FAIRFIELD,Approved,09/25/2025,07/07/2026,441039442.0,$100-500M,2,False,True
336247,ALLVET FINANCIAL,"             1,266,880.00",2,Y,4,,,Approved,05/01/2026,07/06/2026,1266880.0,<$25M,2,True,True
336263,"GRANITE ISLANDS PRIVATE WEALTH, LLC","           229,860,232.00",4,Y,2,CT,GUILFORD,Approved,08/08/2025,08/26/2026,229860232.0,$100-500M,4,True,True
336266,"MONROE CAPITAL REAL ESTATE CREDIT ADVISORS, LLC","           140,201,500.00",50,Y,5,IL,CHICAGO,Approved,05/29/2026,05/01/2026,140201500.0,$100-500M,50,True,True
336297,"SQUARE NINE CAPITAL, LP","           180,903,131.00",6,Y,2,CA,LOS ANGELES,Approved,08/18/2025,03/25/2026,180903131.0,$100-500M,6,True,True
336301,SATIS WEALTH MANAGEMENT,"           773,912,131.00",17,Y,1,,LONDON,Approved,08/12/2025,06/30/2026,773912131.0,$500M-1B,17,True,True
336315,VRM PENZINI CAPITAL L.L.C.,"           269,217,587.00",4,Y,2,PR,SAN JUAN,Approved,04/27/2026,03/24/2026,269217587.0,$100-500M,4,True,True
336317,ADVISORENGINE PORTFOLIO SOLUTIONS INC.,"           176,392,715.00",1,Y,2,NC,RALEIGH,Approved,09/30/2025,06/18/2026,176392715.0,$100-500M,1,True,True
336371,PAN CAPITAL MANAGEMENT LP,"         3,078,886,949.00",43,Y,2,TX,HOUSTON,Approved,01/21/2026,01/16/2026,3078886949.0,>$1B,43,True,True
336484,"HOOVER PRIVATE WEALTH, LLC","           171,345,589.00",6,Y,2,MI,ROYAL OAK,Approved,11/19/2025,03/31/2026,171345589.0,$100-500M,6,True,True
336507,"RILEY S. CROSBIE ADVISORY, LLC","           118,881,531.00",3,Y,1,UT,LOGAN,Approved,05/15/2026,06/09/2026,118881531.0,$100-500M,3,True,True
336537,ANCHORED FINANCIAL PLANNING LLC,"           182,862,179.00",5,Y,4,NJ,WEST DEPTFORD,Approved,11/13/2025,07/16/2026,182862179.0,$100-500M,5,True,True
336564,STRATEGIC WEALTH PARTNERS LLC,"           101,700,000.00",4,Y,1,TN,FRANKLIN,Approved,09/24/2025,07/16/2026,101700000.0,$100-500M,4,True,True
336566,ENCORE WEALTH ADVISORS,"           121,659,707.00",4,Y,3,MN,MORRIS,Approved,09/08/2025,04/01/2026,121659707.0,$100-500M,4,True,True
336638,"ALIGN ADVISOR GROUP, LLC","           127,540,715.00",2,Y,1,NJ,VINELAND,Approved,08/21/2025,03/29/2026,127540715.0,$100-500M,2,True,True
336666,ROCK CREEK WEALTH MANAGEMENT,"           101,145,657.00",3,Y,2,OR,HILLSBORO,Approved,11/19/2025,03/18/2026,101145657.0,$100-500M,3,True,True
336716,"DISCIPLINE STRATEGIES MANAGEMENT, LP",                      .00,7,N,0,GA,ATLANTA,Approved,08/28/2025,03/20/2026,0.0,$0 reported,7,False,True
336722,AXIENT INVESTMENT ADVISORS LLC,"           453,990,661.00",18,Y,2,AL,HUNTSVILLE,Approved,11/14/2025,03/12/2026,453990661.0,$100-500M,18,True,True
336740,RISE NORTH CAPITAL INVESTMENT ADVISORS,"            50,556,312.00",14,Y,15,MA,BRAINTREE,Approved,12/08/2025,08/14/2026,50556312.0,$25-100M,14,True,True
336780,HOLON WEALTH MANAGEMENT,"           123,960,483.00",1,N,0,,,120-Day Approval,08/22/2025,08/28/2026,123960483.0,$100-500M,1,False,True
336793,ACTIVE WEALTH ADVISORS,"            75,406,765.00",1,Y,1,NJ,WOODCLIFF LAKE,Approved,08/15/2025,07/15/2026,75406765.0,$25-100M,1,True,True
336801,VERECAN CAPITAL MANAGEMENT INC.,"           692,702,177.00",39,Y,6,,HALIFAX,Approved,08/04/2025,03/31/2026,692702177.0,$500M-1B,39,True,True
336809,NEXUS ONE FINANCIAL ADVISORS LLC,"           552,000,000.00",10,Y,1,TX,PLANO,Approved,09/15/2025,08/10/2026,552000000.0,$500M-1B,10,True,True
336825,NESTVST,"                 7,067.00",4,Y,5,TX,SUGAR LAND,Approved,11/14/2025,03/13/2026,7067.0,<$25M,4,True,True
336827,MUSEUM MILE FUNDS LLC,"            26,883,512.00",1,Y,2,NY,NEW YORK,Approved,03/19/2026,08/20/2026,26883512.0,$25-100M,1,True,True
336829,ENCORE GLOBAL MANAGEMENT LP,"           160,184,566.00",2,Y,2,TX,HOUSTON,Approved,08/11/2025,03/30/2026,160184566.0,$100-500M,2,True,True
336846,PROVIDENCE LEGACY ADVISORS LLC,"           174,752,593.00",1,Y,4,,,Approved,09/02/2025,03/02/2026,174752593.0,$100-500M,1,True,True
337213,L 1 GLOBAL WEALTH LLC,"         2,810,167,033.00",4,N,0,FL,COCONUT GROVE,Approved,08/13/2025,03/19/2026,2810167033.0,>$1B,4,False,True
337220,ASPENRIDGE WEALTH ADVISORS,"           335,003,000.00",7,Y,2,TX,FORT WORTH,Approved,09/03/2025,05/20/2026,335003000.0,$100-500M,7,True,True
337234,CYWP FUND,"           160,808,303.00",3,Y,2,FL,BOCA RATON,Approved,08/01/2025,04/01/2026,160808303.0,$100-500M,3,True,True
337254,WILLIS ASSET FINANCE MANAGEMENT LLC,"           349,020,000.00",17,N,0,FL,COCONUT CREEK,Approved,12/17/2025,03/30/2026,349020000.0,$100-500M,17,False,True
337303,MOLDENHAUER & ASSOCIATES,"           764,911,010.00",15,Y,3,NY,ORCHARD PARK,Approved,09/04/2025,01/23/2026,764911010.0,$500M-1B,15,True,True
337329,"ACCESS REAL ESTATE, LLC","            63,357,987.00",1,N,0,KY,LOUISVILLE,Approved,04/15/2026,04/13/2026,63357987.0,$25-100M,1,False,True
337331,"KFG, LLC","           188,100,000.00",10,Y,5,SD,RAPID CITY,Approved,09/03/2025,07/08/2026,188100000.0,$100-500M,10,True,True
337346,"WAFD WEALTH, INC","           348,143,236.00",14,Y,2,WA,SEATTLE,Approved,08/01/2025,01/29/2026,348143236.0,$100-500M,14,True,True
337347,GEG ADVISORS,                      .00,2,N,0,,BOGOTA,Approved,11/19/2025,08/31/2026,0.0,$0 reported,2,False,True
337371,"SAUL WEALTH ADVISORS, LLC","           201,457,806.00",4,Y,2,FL,MIAMI,Approved,08/28/2025,03/30/2026,201457806.0,$100-500M,4,True,True
337400,CADIA PRIVATE CLIENT LLC,"           192,533,399.00",3,Y,2,NJ,PARSIPPANY,Approved,08/28/2025,02/24/2026,192533399.0,$100-500M,3,True,True
337421,GRACEADA PARTNERS,"           273,456,874.00",25,Y,3,CA,MODESTO,Approved,11/13/2025,03/26/2026,273456874.0,$100-500M,25,True,True
337424,LUEDTKE & ASSOCIATES LLC,"           248,153,016.00",6,N,0,,,Approved,09/08/2025,08/27/2026,248153016.0,$100-500M,6,False,True
337455,LIFECAPITAL PARTNERS LLC,"           133,225,543.00",4,Y,2,NY,NEW YORK,Approved,11/20/2025,03/11/2026,133225543.0,$100-500M,4,True,True
337459,15 WEALTH ADVISORS LLC,"           481,483,347.00",15,Y,1,IL,MUNDELEIN,Approved,03/25/2026,08/21/2026,481483347.0,$100-500M,15,True,True
337462,WEALTH FORWARD ADVISORS,                      .00,2,Y,1,NY,NEW YORK,120-Day Approval,11/19/2025,07/22/2026,0.0,$0 reported,2,True,True
337465,"KTF INVESTMENTS, LLC","           700,182,535.00",7,Y,1,CA,SEAL BEACH,Approved,08/08/2025,07/30/2026,700182535.0,$500M-1B,7,True,True
337468,"CANE CAPITAL PARTNERS, LLC","           284,109,433.00",5,Y,1,LA,SAINT FRANCISVILLE,Approved,08/26/2025,03/31/2026,284109433.0,$100-500M,5,True,True
337481,SAGE TRADING COLLECTIVE,"         1,222,000,000.00",4,Y,1,,,Approved,03/23/2026,08/10/2026,1222000000.0,>$1B,4,True,True
337487,DESIGNED WEALTH USA LTD.,"             5,280,000.00",10,Y,2,,,Approved,08/29/2025,08/20/2026,5280000.0,<$25M,10,True,True
337489,COUNTRYSIDE FINANCIAL LLC,"            73,236,814.00",3,Y,2,NY,WILLIAMSVILLE,Approved,08/05/2025,08/26/2026,73236814.0,$25-100M,3,True,True
337502,PIONEER ADVISORY LLC,"                94,783.00",2,Y,3,NJ,JERSEY CITY,Approved,08/18/2025,03/31/2026,94783.0,<$25M,2,True,True
337515,"COVARA CAPITAL, LLC","           405,132,157.00",7,Y,2,NY,NEW YORK,Approved,08/28/2025,05/01/2026,405132157.0,$100-500M,7,True,True
337523,RUBEN CANO CONSULTING,                      .00,1,N,0,,CALI,Approved,11/19/2025,03/31/2026,0.0,$0 reported,1,False,True
337532,"OMEN ADVISORY, LLC","                36,000.00",2,Y,104,NY,NEW YORK,Approved,12/05/2025,03/23/2026,36000.0,<$25M,2,True,True
337537,"LEO WEALTH MANAGEMENT, LLC","            37,340,207.00",1,Y,1,NY,STATEN ISLAND,Approved,08/26/2025,08/27/2026,37340207.0,$25-100M,1,True,True
337559,CARDONE WEALTH ADVISORS,                      .00,6,Y,2,FL,AVENTURA,Approved,11/18/2025,03/19/2026,0.0,$0 reported,6,True,True
337570,BCM CAPITAL MANAGEMENT LLC,"           126,287,008.00",3,Y,1,IL,NORTHFIELD,Approved,08/20/2025,03/27/2026,126287008.0,$100-500M,3,True,True
337579,AVRIO WEALTH LLC,"            27,288,602.00",3,Y,3,NY,NEW YORK,Approved,08/11/2025,03/25/2026,27288602.0,$25-100M,3,True,True
337588,COLLABORATIVE CAPITAL ADVISORS LLC,"           387,843,222.00",5,Y,1,NY,NEW YORK,Approved,08/21/2025,07/13/2026,387843222.0,$100-500M,5,True,True
337589,EXCORDE CAPITAL LLC,                      .00,23,Y,1,PA,CONSHOHOCKEN,120-Day Approval,08/14/2026,07/15/2026,0.0,$0 reported,23,True,True
337595,"CLEAR TRAIL ADVISORS, LLC","           803,109,913.00",7,Y,5,TX,HOUSTON,Approved,08/12/2025,02/05/2026,803109913.0,$500M-1B,7,True,True
337603,IVESTA CORP,"            82,000,000.00",2,Y,1,NY,NEW YORK,Approved,01/29/2026,05/31/2026,82000000.0,$25-100M,2,True,True
337606,BLACK WALNUT WEALTH MANAGEMENT,"           136,776,561.00",2,Y,3,MI,TRAVERSE CITY,Approved,08/11/2025,05/14/2026,136776561.0,$100-500M,2,True,True
337619,1932 INVESTMENT MANAGEMENT,"         4,596,470,261.00",6,N,0,NJ,NEWARK,Approved,09/19/2025,05/22/2026,4596470261.0,>$1B,6,False,True
337639,SCIA NY,                      .00,2,N,0,NY,NEW YORK,Approved,11/13/2025,08/26/2026,0.0,$0 reported,2,False,True
337660,"LUMINESCENT WEALTH MANAGEMENT, INC.","           127,388,083.00",2,Y,2,AZ,SCOTTSDALE,Approved,03/23/2026,03/27/2026,127388083.0,$100-500M,2,True,True
337665,"MARATHON WEALTH PARTNERS, INC","           141,062,198.00",1,Y,1,,,Approved,07/31/2025,03/30/2026,141062198.0,$100-500M,1,True,False
337677,AMERICAN VENTURES IM LLC,"           835,193,413.00",3,N,0,FL,PALM BEACH GARDENS,Approved,08/06/2026,08/12/2026,835193413.0,$500M-1B,3,False,True
337680,LOGIQ CAPITAL LLC,                      .00,2,N,0,NJ,ENGLEWOOD,Approved,08/01/2025,02/06/2026,0.0,$0 reported,2,False,True
337692,SAVILE CAPITAL MANAGEMENT LLC,                      .00,3,N,0,PR,SAN JUAN,Approved,12/16/2025,04/14/2026,0.0,$0 reported,3,False,True
337701,ROBOSTRATEGY ADVISORS,"           146,533,127.00",8,Y,6,PR,SAN JUAN,Approved,08/22/2025,06/15/2026,146533127.0,$100-500M,8,True,True
337704,COMMERCIAL TRUST FINANCIAL SERVICES,"           204,060,790.00",5,Y,1,MO,FAYETTE,Approved,03/04/2026,07/02/2026,204060790.0,$100-500M,5,True,True
337709,"PURSUIT WEALTH STRATEGIES, LLC","           457,453,266.00",7,Y,1,NC,RALEIGH,Approved,09/30/2025,02/13/2026,457453266.0,$100-500M,7,True,True
337718,"CLARITY RETIREMENT & WEALTH, LLC","           139,547,607.00",2,Y,3,MA,NEW BEDFORD,Approved,09/03/2025,01/14/2026,139547607.0,$100-500M,2,True,True
337730,"NINTH AVENUE CAPITAL, LP","           536,000,000.00",10,Y,2,MO,KANSAS CITY,Approved,12/15/2025,03/31/2026,536000000.0,$500M-1B,10,True,True
337738,CLEARWAVE CAPITAL,"           359,215,149.00",3,Y,2,CA,UPLAND,Approved,08/05/2025,03/05/2026,359215149.0,$100-500M,3,True,True
337747,CYNOSURE PORTFOLIO ADVISORS LLC,"             5,782,490.00",7,Y,1,UT,SALT LAKE CITY,Approved,09/25/2025,05/27/2026,5782490.0,<$25M,7,True,True
337750,PENNANTPARK PRIVATE INCOME FUND ADVISERS LLC,"           138,756,802.00",91,N,0,FL,MIAMI BEACH,Approved,09/15/2025,03/31/2026,138756802.0,$100-500M,91,False,True
337753,ACTIV8 FAMILY OFFICE LLC,"         1,542,366,700.00",25,Y,3,VA,MCLEAN,Approved,12/01/2025,08/03/2026,1542366700.0,>$1B,25,True,True
337757,CONTANGO WEALTH MANAGEMENT LLC,"           122,757,483.00",2,N,0,CA,OAKLAND,Approved,08/26/2025,02/18/2026,122757483.0,$100-500M,2,False,True
337758,"CANTERBURY CAPITAL WEALTH MANAGEMENT, LLC","           132,103,641.00",7,Y,3,AL,TUSCALOOSA,Approved,08/15/2025,08/17/2026,132103641.0,$100-500M,7,True,True
337765,RICHLINE CAPITAL MANAGEMENT INC.,"            23,000,000.00",4,Y,1,,"MARKHAM, ONTARIO",Approved,08/06/2025,03/09/2026,23000000.0,<$25M,4,True,True
337770,BLUE OWL DIGITAL INFRASTRUCTURE TRUST ADVISORS LLC,"         4,424,591,000.00",130,Y,4,IL,CHICAGO,Approved,08/11/2025,03/31/2026,4424591000.0,>$1B,130,True,True
337781,"VALUEQUEST ADVISERS, LLC","           400,828,751.00",4,N,0,NY,NEW YORK,Approved,11/19/2025,03/18/2026,400828751.0,$100-500M,4,False,True
337784,ENRICH FINANCE LLC,                      .00,4,Y,1,CA,SAN FRANCISCO,Approved,08/11/2025,07/28/2026,0.0,$0 reported,4,True,True
337799,"GORDIAN CAPITAL MANAGEMENT, LLC","            28,377,447.00",7,Y,1,CA,MILL VALLEY,Approved,08/21/2025,07/09/2026,28377447.0,$25-100M,7,True,True
337808,OPTIMIST VENTURES LLC,"           311,310,668.00",3,Y,2,NY,NEW YORK,Approved,09/24/2025,05/28/2026,311310668.0,$100-500M,3,True,True
337809,CAGR FINANCE LLC,"                31,840.00",5,Y,1,DE,LEWES,Approved,11/19/2025,02/18/2026,31840.0,<$25M,5,True,True
337818,MEZZI,                      .00,10,Y,5,CA,MENLO PARK,Approved,09/25/2025,03/28/2026,0.0,$0 reported,10,True,True
337822,"FERGHANA INVESTMENT PARTNERS, LP","           100,000,000.00",6,Y,2,NY,NEW YORK,Approved,12/04/2025,05/14/2026,100000000.0,$100-500M,6,True,True
337826,"LIVET WEALTH, LLC","           335,074,789.00",3,Y,1,UT,SPANISH FORK,Approved,08/20/2025,08/31/2026,335074789.0,$100-500M,3,True,True
337827,"EMVISION CAPITAL ADVISORS, LLC","           176,416,964.00",14,Y,3,OH,AURORA,Approved,08/29/2025,06/15/2026,176416964.0,$100-500M,14,True,True
337832,"RIGHTOAK ASSET MANAGEMENT, LLC","           111,936,258.00",7,Y,3,,,Approved,09/23/2025,06/18/2026,111936258.0,$100-500M,7,True,True
337839,ALDER POINT CAPITAL MANAGEMENT LLC,"           121,307,020.00",6,Y,2,CO,LAFAYETTE,Approved,06/17/2026,05/15/2026,121307020.0,$100-500M,6,True,True
337843,ASK DOLLY,                      .00,3,Y,1,CO,DENVER,Approved,12/15/2025,03/30/2026,0.0,$0 reported,3,True,True
337846,BENEFI,                      .00,4,Y,1,IL,CHICAGO,120-Day Approval,02/05/2026,02/03/2026,0.0,$0 reported,4,True,True
337854,NEUBERGER BERMAN LOAN ADVISERS EUROPE II LP,"           334,615,050.00",3,Y,3,IL,CHICAGO,Approved,09/02/2025,03/31/2026,334615050.0,$100-500M,3,True,True
337855,MALT PARTNERS MANAGEMENT LLC,"            36,321,031.00",2,N,0,TN,NASHVILLE,Approved,09/15/2025,03/06/2026,36321031.0,$25-100M,2,False,True
337864,AHAKISTA CAPITAL LLC,"           345,000,000.00",8,Y,2,,,Approved,12/02/2025,03/30/2026,345000000.0,$100-500M,8,True,True
337868,"AGRIGLOBE LAND ADVISORS, LLC","           602,222,114.00",4,Y,2,CA,FRESNO,Approved,11/20/2025,03/06/2026,602222114.0,$500M-1B,4,True,True
337870,"MAUNEY-PITT FINANCIAL MANAGEMENT, INC.","           418,000,000.00",6,Y,1,NC,SHELBY,Approved,01/30/2026,07/06/2026,418000000.0,$100-500M,6,True,True
337909,AUTONOMOUS WEALTH MANAGEMENT LLC,"                45,580.00",1,Y,6,NY,BROOKLYN,Approved,11/20/2025,07/20/2026,45580.0,<$25M,1,True,True
337919,"GIDEON CAPITAL, LLC","           229,042,279.00",1,N,0,CA,LOS ANGELES,Approved,06/04/2026,06/04/2026,229042279.0,$100-500M,1,False,True
337920,KRAKEN ADVISER LLC,                   377.00,5,Y,30,FL,FORT LAUDERDALE,Approved,09/22/2025,07/20/2026,377.0,<$25M,5,True,True
337941,8FIGURES,                      .00,6,Y,5,DE,DOVER,Approved,12/16/2025,03/23/2026,0.0,$0 reported,6,True,True
337956,TRINITY STRATEGIC WEALTH,"         1,536,077,168.00",27,Y,3,OK,TULSA,Approved,08/27/2025,07/23/2026,1536077168.0,>$1B,27,True,True
337959,BUFFERLABS,"            62,250,000.00",3,Y,3,NV,HENDERSON,Approved,09/03/2025,02/26/2026,62250000.0,$25-100M,3,True,True
337964,LANE FAMILY WEALTH MANAGEMENT,"           142,735,811.00",2,Y,1,IA,NORTH LIBERTY,Approved,11/20/2025,03/13/2026,142735811.0,$100-500M,2,True,True
337972,"STONEBRIDGE FINANCIAL GROUP, LLC","         2,398,168,315.00",10,Y,4,MO,ST. LOUIS,Approved,09/03/2025,06/29/2026,2398168315.0,>$1B,10,True,True
337973,"LIFTPOINT FAMILY WEALTH ADVISORS, LLC","           187,722,047.00",2,N,0,NJ,FAR HILLS,Approved,09/02/2025,02/06/2026,187722047.0,$100-500M,2,False,True
337984,HARBINGER SPORTS PARTNERS,"           100,000,000.00",15,Y,4,GA,ATLANTA,Approved,09/16/2025,03/31/2026,100000000.0,$100-500M,15,True,True
337985,"CORGI STRATEGIES, LLC","           825,070,000.00",18,Y,8,IL,CHICAGO,Approved,08/26/2025,08/29/2026,825070000.0,$500M-1B,18,True,True
337990,SCHLEGEL DUNN LLC,"           279,073,436.00",4,Y,1,TX,PLANO,Approved,09/30/2025,01/27/2026,279073436.0,$100-500M,4,True,True
337997,"DEFILADE CAPITAL MANAGEMENT, L.P.","         1,548,605,368.00",7,Y,1,CA,EMERYVILLE,Approved,08/27/2025,06/26/2026,1548605368.0,>$1B,7,True,True
337998,ALTURA WEALTH ADVISORS,"           234,907,065.00",6,Y,3,VA,VIRGINIA BEACH,Approved,09/30/2025,04/10/2026,234907065.0,$100-500M,6,True,True
338006,MARATHON FINANCIAL GROUP,"           307,831,128.00",6,Y,3,MA,BOSTON,Approved,08/29/2025,08/25/2026,307831128.0,$100-500M,6,True,True
338012,"CSI GROUP ADVISORS, LLC",                      .00,7,Y,1,NJ,WALL TOWNSHIP,120-Day Approval,09/30/2025,07/15/2026,0.0,$0 reported,7,True,True
338015,DESTINY FAMILY OFFICE,"           605,068,786.00",7,Y,1,FL,TAVARES,Approved,09/19/2025,08/14/2026,605068786.0,$500M-1B,7,True,True
338019,HARVEST - FAITH-BASED INVESTING,                      .00,2,Y,3,VA,LYNCHBURG,Approved,11/13/2025,06/16/2026,0.0,$0 reported,2,True,True
338023,META WEALTH ADVISORY,"           172,057,328.00",3,N,0,MD,TIMONIUM,Approved,08/29/2025,06/09/2026,172057328.0,$100-500M,3,False,True
338025,"HERITAGE STRATEGIC WEALTH, LLC","            45,732,772.00",3,Y,1,IL,CARY,Approved,09/03/2025,03/30/2026,45732772.0,$25-100M,3,True,True
338039,"WEALTH ALIGNMENT PARTNERS, LLC",                      .00,3,N,0,HI,HONOLULU,120-Day Approval,11/19/2025,08/10/2026,0.0,$0 reported,3,False,True
338046,COLUCCI WEALTH MANAGEMENT LLC,"            80,796,246.00",1,Y,2,NY,BRIGHTWATERS,Approved,11/19/2025,04/30/2026,80796246.0,$25-100M,1,True,True
338072,UNSTOPPABLE ASSET,                      .00,1,Y,1,AZ,PHOENIX,120-Day Approval,07/09/2026,07/09/2026,0.0,$0 reported,1,True,True
338073,CLERA,                      .00,2,Y,4,CA,BAKERSFIELD,Approved,12/11/2025,05/23/2026,0.0,$0 reported,2,True,True
338078,QUANGENTICS INC.,                      .00,4,Y,2,,,Approved,09/09/2025,03/31/2026,0.0,$0 reported,4,True,True
338080,"LCV MANAGEMENT, LP","           118,173,732.00",5,Y,2,,,Approved,01/27/2026,07/28/2026,118173732.0,$100-500M,5,True,True
338093,EXDS CAPITAL,"               171,559.00",1,Y,2,,,Approved,09/22/2025,03/20/2026,171559.0,<$25M,1,True,True
338094,EBCO TRUSTEE SERVICES LTD LIAB. CO.,"            44,665,927.00",4,Y,2,,"CHIASSO, TICINO",Approved,11/24/2025,02/02/2026,44665927.0,$25-100M,4,True,True
338102,NORTHERN EDGE WEALTH MANAGEMENT,"           246,928,100.00",6,Y,1,MI,MARQUETTE,Approved,11/18/2025,03/25/2026,246928100.0,$100-500M,6,True,True
338110,"PEAK ALTITUDE PARTNERS, LP","            68,129,403.00",4,Y,2,NY,NEW YORK,Approved,01/02/2026,05/01/2026,68129403.0,$25-100M,4,True,True
338113,SOLYCO CAPITAL LLC,"           219,899,293.00",42,Y,1,MI,ROCHESTER,Approved,02/25/2026,01/26/2026,219899293.0,$100-500M,42,True,True
338118,"501 NORTH, LLC","           329,389,453.00",9,Y,1,NY,NEW YORK,Approved,12/11/2025,03/31/2026,329389453.0,$100-500M,9,True,True
338119,"CIP PE ADVISORS, LLC","         1,920,476,487.00",23,Y,2,FL,WEST PALM BEACH,Approved,12/08/2025,07/23/2026,1920476487.0,>$1B,23,True,True
338120,FIVE CORNERS FINANCIAL SERVICES,"           292,000,000.00",3,Y,1,MA,EASTON,Approved,09/22/2025,07/31/2026,292000000.0,$100-500M,3,True,True
338121,"SENTINEL ADVISORY GROUP, LLC","           320,751,824.00",10,Y,4,WI,MIDDLETON,Approved,12/02/2025,03/02/2026,320751824.0,$100-500M,10,True,True
338122,XCEPTION FAMILY OFFICE,"           189,340,109.00",5,Y,1,GA,ATLANTA,Approved,09/29/2025,05/27/2026,189340109.0,$100-500M,5,True,True
338134,HYPHEN WEALTH MANAGEMENT,"           125,551,189.00",3,N,0,CA,LAFAYETTE,Approved,09/03/2025,03/23/2026,125551189.0,$100-500M,3,False,True
338148,"APOLLO MPS MANAGEMENT, LLC",                      .00,3564,Y,11,NY,NEW YORK,Approved,09/08/2025,03/31/2026,0.0,$0 reported,3564,True,True
338168,CAZ GP STAKES ADVISER LLC,"            99,029,519.00",83,N,0,TX,HOUSTON,Approved,11/13/2025,03/11/2026,99029519.0,$25-100M,83,False,True
338169,"PARROT FINANCE, INC.","            30,120,451.00",5,Y,1,,,Approved,09/25/2025,04/22/2026,30120451.0,$25-100M,5,True,True
338172,BLANCHE PARK CAPITAL,"           167,279,241.00",3,Y,2,FL,MIAMI,Approved,11/18/2025,03/12/2026,167279241.0,$100-500M,3,True,True
338178,"PRP REAL ASSETS ADVISORS, LLC","         3,043,695,778.00",15,Y,2,DC,WASHINGTON,Approved,09/30/2025,03/31/2026,3043695778.0,>$1B,15,True,True
338182,COLAB CAPITAL,"             1,371,882.00",2,Y,1,UT,ST. GEORGE,Approved,12/03/2025,04/06/2026,1371882.0,<$25M,2,True,True
338183,"ALKA PARTNERS, LLC",                     2.00,1,N,0,TX,FARMERS BRANCH,Approved,01/06/2026,04/02/2026,2.0,<$25M,1,False,True
338189,"BROWN BROTHERS HARRIMAN CREDIT PARTNERS, LLC","        57,433,331,059.00",51,Y,2,NY,NEW YORK,Approved,09/08/2025,04/30/2026,57433331059.0,>$1B,51,True,True
338196,WILLIAMS ASSET MANAGEMENT,"           661,067,873.00",9,Y,5,MD,COLUMBIA,Approved,01/08/2026,05/27/2026,661067873.0,$500M-1B,9,True,True
338216,LINEAGE POINT CAPITAL LP,"           294,692,000.00",3,Y,1,,,Approved,09/29/2025,03/04/2026,294692000.0,$100-500M,3,True,True
338225,"ARBORSTONE FINANCIAL, LLC","           476,000,000.00",5,Y,1,MA,ANDOVER,Approved,01/06/2026,05/06/2026,476000000.0,$100-500M,5,True,True
338226,"CANTOR FITZGERALD ENERGY ADVISORS, LLC",                      .00,5,N,0,NY,NEW YORK,Approved,03/03/2026,07/21/2026,0.0,$0 reported,5,False,True
338227,COASTLINE COMPLETE WEALTH LLC,"           213,631,245.00",3,Y,2,SC,BLUFFTON,Approved,11/18/2025,08/04/2026,213631245.0,$100-500M,3,True,True
338229,KR CAPITAL LP,"           792,357,312.00",20,Y,1,NY,NEW YORK,Approved,11/17/2025,08/03/2026,792357312.0,$500M-1B,20,True,True
338234,"NIGHT OWL CAPITAL CANADA, LLC",                      .00,8,Y,1,CT,GREENWICH,Approved,01/06/2026,03/23/2026,0.0,$0 reported,8,True,True
338266,ANGELES FAMILY OFFICE,"           181,973,559.00",5,N,0,CA,SANTA MONICA,Approved,01/08/2026,08/26/2026,181973559.0,$100-500M,5,False,True
338271,"EQV ADVISORY, LLC","           106,778,605.00",6,Y,1,NC,RALEIGH,Approved,09/19/2025,01/16/2026,106778605.0,$100-500M,6,True,True
338274,"FS DIGITAL INFRASTRUCTURE ADVISOR, LLC","         3,213,168,255.00",52,Y,21,PA,PHILADELPHIA,Approved,01/21/2026,03/30/2026,3213168255.0,>$1B,52,True,True
338287,PARADIGM GLOBAL INVESTORS,"         3,031,178,794.00",4,Y,1,TX,DALLAS,Approved,12/03/2025,03/31/2026,3031178794.0,>$1B,4,True,True
338288,BRIGHTSIDE CAPITAL PARTNERS LLC,"           472,807,444.00",12,N,0,FL,LANTANA,Approved,09/29/2025,03/30/2026,472807444.0,$100-500M,12,False,True
338300,3ROOTS WEALTH PARTNERS LLC,"            92,647,972.00",3,Y,3,AZ,SCOTTSDALE,Approved,09/30/2025,08/05/2026,92647972.0,$25-100M,3,True,True
338310,"HUMILIS INVESTMENT STRATEGIES, LLC","           117,000,000.00",4,Y,1,,,Approved,09/16/2025,02/20/2026,117000000.0,$100-500M,4,True,True
338340,BLUELINE CAPITAL,"           240,437,028.00",7,Y,2,CA,SAN FRANCISCO,Approved,07/23/2026,06/26/2026,240437028.0,$100-500M,7,True,True
338359,NEXTMOVE CAPITAL INC.,                   190.00,4,Y,1,,,Approved,04/24/2026,04/06/2026,190.0,<$25M,4,True,True
338361,LC VERO MANAGER,"           205,620,000.00",3,Y,2,NY,NEW YORK,Approved,11/13/2025,08/17/2026,205620000.0,$100-500M,3,True,True
338362,JACK CREEK PARTNERS LLC,                      .00,2,N,0,NY,NEW YORK,Approved,05/29/2026,05/29/2026,0.0,$0 reported,2,False,True
338375,OEW INVESTMENT ADVISORS LP,                      .00,2,Y,1,TX,AUSTIN,120-Day Approval,11/17/2025,08/24/2026,0.0,$0 reported,2,True,True
338376,MANHATTAN WEALTH MANAGEMENT GROUP,"           153,113,339.00",3,Y,4,NY,NEW YORK,Approved,11/25/2025,08/26/2026,153113339.0,$100-500M,3,True,True
338378,THRIVENT PRIVATE INVESTMENTS,"        22,781,793,218.00",66,Y,1,MN,MINNEAPOLIS,Approved,09/30/2025,03/30/2026,22781793218.0,>$1B,66,True,True
338387,CORRUM CAPITAL MANAGEMENT LLC,"         1,391,528,366.00",17,Y,2,NC,CHARLOTTE,Approved,08/20/2026,07/31/2026,1391528366.0,>$1B,17,True,True
338391,"ENDURE CAPITAL, LLC","           106,891,304.00",2,Y,1,CA,LAKE FOREST,Approved,09/16/2025,03/30/2026,106891304.0,$100-500M,2,True,True
338394,RAIL-SPLITTER CAPITAL MANAGEMENT LLC,"           484,088,810.00",3,Y,1,IL,WINNETKA,Approved,02/27/2026,06/24/2026,484088810.0,$100-500M,3,True,True
338396,FINCADIA ADVISORS LLC,"         1,003,630,329.00",3,N,0,NY,MELVILLE,Approved,03/11/2026,03/06/2026,1003630329.0,>$1B,3,False,True
338398,CLEANHILL PARTNERS,"           184,411,790.00",5,Y,2,NY,NEW YORK,Approved,08/05/2026,06/29/2026,184411790.0,$100-500M,5,True,True
338406,TUTTLE WEALTH PARTNERS LLC,"            75,143,579.00",5,Y,1,,,Approved,11/14/2025,07/16/2026,75143579.0,$25-100M,5,True,True
338408,HIGHBROOK CAPITAL PARTNERS,"           509,064,516.00",6,Y,2,GA,ATLANTA,Approved,12/03/2025,03/31/2026,509064516.0,$500M-1B,6,True,True
338410,STEELHEAD WEALTH MANAGEMENT,"           341,895,056.00",7,Y,2,VA,GLEN ALLEN,Approved,11/14/2025,03/19/2026,341895056.0,$100-500M,7,True,True
338416,VEGA CAPITAL PARTNERS LLC,"               100,000.00",3,Y,7,,,Approved,09/24/2025,07/15/2026,100000.0,<$25M,3,True,True
338424,ASTOR,                      .00,2,Y,4,,,Approved,02/05/2026,08/18/2026,0.0,$0 reported,2,True,True
338445,"PARK LANE ADVISORS, LLC","           799,035,441.00",4,Y,2,AL,BIRMINGHAM,Approved,12/15/2025,08/07/2026,799035441.0,$500M-1B,4,True,True
338473,"ODYSSEAN, LLC","           373,310,763.00",2,N,0,,,Approved,11/17/2025,03/12/2026,373310763.0,$100-500M,2,False,True
338484,ACP INVESTMENT MANAGEMENT,"           131,872,386.00",4,Y,1,HI,KAILUA-KONA,Approved,09/29/2025,04/28/2026,131872386.0,$100-500M,4,True,True
338490,R2 WEALTH MANAGEMENT PARTNERS,"           236,037,275.00",3,Y,1,NE,LINCOLN,Approved,12/01/2025,04/01/2026,236037275.0,$100-500M,3,True,True
338513,"MRE MANAGEMENT, LLC","           457,990,215.00",7,Y,2,MD,ANNAPOLIS,Approved,12/08/2025,04/05/2026,457990215.0,$100-500M,7,True,True
338525,MUSAFFA LLC,"                 2,000.00",2,Y,7,NY,NEW YORK,Approved,11/13/2025,07/13/2026,2000.0,<$25M,2,True,True
338530,"MINDSET ASSET MANAGEMENT, LLC",                      .00,4,Y,1,IN,INDIANAPOLIS,Approved,09/30/2025,08/26/2026,0.0,$0 reported,4,True,True
338535,"YOUR IA, LLC","           106,633,240.00",19,Y,1,UT,ST. GEORGE,Approved,11/18/2025,08/11/2026,106633240.0,$100-500M,19,True,True
338550,"BROOKWOOD ADVISORS, LLC","           964,497,094.00",5,N,0,MA,BEVERLY,Approved,01/07/2026,05/07/2026,964497094.0,$500M-1B,5,False,True
338557,"STRATEGIQ FUNDS, INC.",                      .00,4,N,0,TX,SAN ANTONIO,120-Day Approval,07/06/2026,06/22/2026,0.0,$0 reported,4,False,True
338563,POINTONE FAMILY OFFICE,"           327,091,481.00",4,Y,2,CA,MANHATTAN BEACH,Approved,11/13/2025,04/10/2026,327091481.0,$100-500M,4,True,True
338573,PARK SQUARE CAPITAL USA LP,"        18,895,427,062.00",147,Y,2,NY,NEW YORK,Approved,12/23/2025,03/30/2026,18895427062.0,>$1B,147,True,True
338575,DERRYRUSH WEALTH,"            25,840,002.00",1,Y,2,NY,WEST SAYVILLE,Approved,11/17/2025,08/19/2026,25840002.0,$25-100M,1,True,True
338577,HOBE MOUNTAIN CAPITAL MANAGEMENT LLC,"         1,352,133,233.00",6,Y,2,FL,WEST PALM BEACH,Approved,01/06/2026,07/15/2026,1352133233.0,>$1B,6,True,True
338582,"CLEAR WAVE WEALTH MANAGEMENT, LLC","           617,000,000.00",3,Y,1,NJ,RED BANK,Approved,11/13/2025,08/13/2026,617000000.0,$500M-1B,3,True,True
338602,AGILITY EQUITY PARTNERS,"           173,062,956.00",7,Y,4,PA,PITTSBURGH,Approved,01/08/2026,01/23/2026,173062956.0,$100-500M,7,True,True
338608,MADSON WEALTH ADVISORS INC.,"           208,732,967.00",3,Y,1,CA,SANTA ROSA,Approved,01/21/2026,04/28/2026,208732967.0,$100-500M,3,True,True
338618,"ASPIRE WEALTH ADVISORY GROUP, LLC","             6,165,207.00",1,N,0,NY,NEW YORK,Approved,11/19/2025,03/31/2026,6165207.0,<$25M,1,False,True
338631,ARX PRIVATE WEALTH,"           113,605,108.00",6,Y,2,PA,LANCASTER,Approved,11/14/2025,02/24/2026,113605108.0,$100-500M,6,True,True
338634,"MARTINWRIGHT ADVISORY, LLC","           160,704,772.00",9,Y,4,GA,ATLANTA,Approved,11/14/2025,08/26/2026,160704772.0,$100-500M,9,True,True
338643,SPRING STREET WEALTH,"            26,440,000.00",1,Y,2,NY,NEW YORK,Approved,11/13/2025,07/07/2026,26440000.0,$25-100M,1,True,True
338656,MARY & PIP,"                 2,214.00",2,Y,7,,,Approved,11/21/2025,06/02/2026,2214.0,<$25M,2,True,True
338693,BRIGHT ADVISORS,"           128,231,307.00",2,Y,1,CO,GREENWOOD VILLAGE,Approved,01/05/2026,04/02/2026,128231307.0,$100-500M,2,True,True
338697,ENDOWE ADVISORY LLC,                   300.00,1,Y,7,CA,SAN JOSE,Approved,12/08/2025,08/20/2026,300.0,<$25M,1,True,True
338738,"KRM FINANCIAL PLANNING & WEALTH MANAGEMENT, LLC","           211,482,938.00",3,Y,1,IL,ST. CHARLES,Approved,01/02/2026,05/01/2026,211482938.0,$100-500M,3,True,True
338739,MAGELLAN PLANNING GROUP,"           209,983,000.00",3,Y,3,GA,ATLANTA,Approved,01/05/2026,03/31/2026,209983000.0,$100-500M,3,True,True
338756,71 WEST CAPITAL PARTNERS,"         5,505,194,061.00",10,Y,2,MA,BOSTON,Approved,11/14/2025,06/18/2026,5505194061.0,>$1B,10,True,True
338769,"EMERALD INVESTMENT ADVISERS, LLC","         2,262,694,558.00",12,Y,1,PA,LEOLA,Approved,11/17/2025,01/30/2026,2262694558.0,>$1B,12,True,True
338774,MCKINNEY CAPITAL MANAGEMENT,"           246,134,643.00",7,Y,2,TX,HOUSTON,Approved,11/17/2025,06/04/2026,246134643.0,$100-500M,7,True,True
338775,ULTRA ADVISORY GROUP,"           142,609,950.00",1,Y,2,CA,IRVINE,Approved,11/19/2025,08/31/2026,142609950.0,$100-500M,1,True,True
338785,KEYSTONE BITCOIN,                      .00,2,Y,1,PA,PITTSBURGH,Approved,04/03/2026,04/02/2026,0.0,$0 reported,2,True,True
338797,CANBY FINANCIAL ADVISORS,"           729,447,855.00",11,Y,4,MA,FRAMINGHAM,Approved,11/19/2025,06/05/2026,729447855.0,$500M-1B,11,True,True
338799,"LEO WEALTH AMERICAS, LLC","           512,279,544.00",21,Y,2,TX,HURST,Approved,02/23/2026,06/03/2026,512279544.0,$500M-1B,21,True,True
338822,"BAYTRUST WEALTH MANAGEMENT, LLC","            97,749,639.00",5,Y,1,FL,TAMPA,120-Day Approval,12/16/2025,05/29/2026,97749639.0,$25-100M,5,True,True
338839,"PULLIAM FAMILY OFFICE, LLC","           141,743,358.00",3,Y,1,CO,CRESTED BUTTE,Approved,12/08/2025,05/05/2026,141743358.0,$100-500M,3,True,True
338851,DANIEL INVESTMENT GROUP INC.,"           210,062,660.00",3,Y,1,MI,ROYAL OAK,Approved,11/21/2025,04/30/2026,210062660.0,$100-500M,3,True,True
338868,FRAMEWORK DIGITAL ADVISORS,                      .00,1,N,0,NY,NEW YORK,Approved,11/19/2025,04/12/2026,0.0,$0 reported,1,False,True
338887,FFO INVESTMENTS LLC,"           207,088,515.00",5,Y,1,FL,TAMPA,Approved,12/17/2025,07/13/2026,207088515.0,$100-500M,5,True,True
338893,"INLAND ADVISORY SERVICES, LLC","           443,050,000.00",48,N,0,IL,OAK BROOK,Approved,01/06/2026,08/26/2026,443050000.0,$100-500M,48,False,True
338908,PEREON WEALTH LLC,"           180,571,500.00",7,Y,5,,,Approved,11/25/2025,03/25/2026,180571500.0,$100-500M,7,True,True
338911,IOLITE ASSET MANAGEMENT,                      .00,4,Y,1,IL,CHICAGO,Approved,11/17/2025,03/24/2026,0.0,$0 reported,4,True,True
338916,VOSS WEALTH MANAGEMENT,"            93,900,636.00",1,Y,1,NY,ENDICOTT,Approved,04/14/2026,06/03/2026,93900636.0,$25-100M,1,True,True
338933,"OCEAN PATH ADVISORS, LLC","           559,523,253.00",6,Y,2,CA,MANHATTAN BEACH,Approved,01/26/2026,08/11/2026,559523253.0,$500M-1B,6,True,True
338936,"AETERNITAS INVESTMENT MANAGEMENT, LLC","           172,503,179.00",3,Y,2,PA,YARDLEY,Approved,07/22/2026,07/15/2026,172503179.0,$100-500M,3,True,True
338938,VESTIE,                   125.00,1,Y,8,TX,DALLAS,Approved,03/04/2026,07/02/2026,125.0,<$25M,1,True,True
338939,"WASHINGTON PARK CAPITAL MANAGEMENT, LLC","           359,458,316.00",3,Y,1,OR,PORTLAND,Approved,12/19/2025,03/11/2026,359458316.0,$100-500M,3,True,True
338940,"ELMTREE FUNDS, LLC","         7,773,898,501.00",37,Y,2,MO,ST. LOUIS,Approved,09/02/2025,03/31/2026,7773898501.0,>$1B,37,True,True
338952,"POWERHOUSE FINANCIAL ADVISORS, INC.","           108,231,666.00",1,Y,4,NV,MINDEN,Approved,08/21/2026,08/14/2026,108231666.0,$100-500M,1,True,True
338954,HAZLETT WEALTH MANAGEMENT LLC,"           160,000,000.00",1,Y,1,ID,KETCHUM,Approved,11/19/2025,05/29/2026,160000000.0,$100-500M,1,True,True
338956,A3 CAPITAL ADVISORS,"           236,845,287.00",2,Y,1,TX,HOUSTON,Approved,11/19/2025,06/23/2026,236845287.0,$100-500M,2,True,True
338957,DELTA CAPITAL,"               765,553.00",2,Y,1,,"SANTANA DE PARNA�BA, S�O PAULO",Approved,01/27/2026,03/26/2026,765553.0,<$25M,2,True,True
338973,INTERCHANGE ADVISERS LLC,                      .00,4,Y,8,WA,VANCOUVER,120-Day Approval,08/14/2026,07/29/2026,0.0,$0 reported,4,True,True
338986,BELLARS HARRIS WEALTH MANAGEMENT,"           505,382,390.00",8,Y,1,VA,VIRGINIA BEACH,Approved,11/19/2025,04/30/2026,505382390.0,$500M-1B,8,True,True
339013,"GUIDED WEALTH, LLC","           105,320,637.00",5,Y,1,,,Approved,01/06/2026,05/04/2026,105320637.0,$100-500M,5,True,True
339039,SEMINARIO ASSET MANAGEMENT LLC,                      .00,10,N,0,FL,CORAL GABLES,120-Day Approval,01/07/2026,08/26/2026,0.0,$0 reported,10,False,True
339043,"ARGO MANAGEMENT AND RESEARCH COMPANY, LLC","           200,644,339.00",3,Y,1,,,Approved,01/29/2026,08/28/2026,200644339.0,$100-500M,3,True,True
339061,EGGZ,                      .00,2,Y,2,MA,CHARLEMONT,120-Day Approval,01/13/2026,01/06/2026,0.0,$0 reported,2,True,True
339082,"818 FAMILY OFFICE, LLC",                      .00,2,N,0,TX,AUSTIN,Approved,11/20/2025,05/19/2026,0.0,$0 reported,2,False,True
339083,"FRANKLIN TEMPLETON PRIVATE MARKETS ADVISER, LLC",                      .00,7,N,0,NY,NEW YORK,Approved,01/08/2026,01/07/2026,0.0,$0 reported,7,False,True
339088,VAULT FIDUCIARY LLC,"            92,496,571.00",1,N,0,,,Approved,12/01/2025,03/27/2026,92496571.0,$25-100M,1,False,True
339091,"ALESCO ADVISORS, LLC, AN ESL COMPANY","         5,611,340,728.00",26,Y,4,NY,PITTSFORD,Approved,01/05/2026,04/20/2026,5611340728.0,>$1B,26,True,True
339106,LILLIANO CAPITAL MANAGEMENT LLC,"           167,882,408.00",2,Y,1,AZ,PHOENIX,Approved,02/20/2026,06/09/2026,167882408.0,$100-500M,2,True,True
339108,"NAVIANT PARTNERS, LLC","           177,252,204.00",11,Y,2,AL,FAIRHOPE,Approved,11/25/2025,03/23/2026,177252204.0,$100-500M,11,True,True
339112,COHEN CAPITAL,"         1,100,714,851.00",11,Y,1,IL,CHICAGO,Approved,01/09/2026,05/04/2026,1100714851.0,>$1B,11,True,True
339113,IMPERITY WEALTH ALLIANCE LLC,"           139,699,291.00",14,Y,8,NY,MELVILLE,Approved,12/16/2025,07/30/2026,139699291.0,$100-500M,14,True,True
339154,FORWARD WEALTH,"           111,061,179.00",12,Y,1,CO,LONE TREE,Approved,02/12/2026,07/08/2026,111061179.0,$100-500M,12,True,True
339159,AQI,"           107,861,049.00",11,Y,1,CO,LONE TREE,Approved,02/05/2026,07/08/2026,107861049.0,$100-500M,11,True,True
339161,PRELUDE INVESTMENT SERVICES,                      .00,4,Y,1,CA,SAN FRANCISCO,120-Day Approval,12/04/2025,04/24/2026,0.0,$0 reported,4,True,True
339165,ROBINHOOD VENTURES,"           717,368,835.00",120,Y,23,CA,MENLO PARK,Approved,01/05/2026,08/28/2026,717368835.0,$500M-1B,120,True,True
339175,TAMARISK CAPITAL MANAGEMENT,                      .00,3,N,0,MI,HOLLAND,Approved,12/04/2025,02/20/2026,0.0,$0 reported,3,False,True
339186,DREAMS INVESTMENT SOLUTIONS,                      .00,3,Y,1,CA,FOLSOM,120-Day Approval,01/16/2026,08/10/2026,0.0,$0 reported,3,True,True
339188,PFLUEGER WEALTH,"           100,681,756.00",2,Y,1,,,Approved,11/19/2025,05/04/2026,100681756.0,$100-500M,2,True,True
339197,STOREN FINANCIAL,"           438,267,419.00",14,Y,5,IN,ZIONSVILLE,Approved,11/21/2025,04/07/2026,438267419.0,$100-500M,14,True,True
339211,"PRAIRIE ADVISORY, LLC","           554,260,000.00",12,Y,1,KS,LEAWOOD,Approved,02/13/2026,08/26/2026,554260000.0,$500M-1B,12,True,True
339215,VALOREM LLC,"            54,254,178.00",2,Y,1,NY,NEW YORK,Approved,12/19/2025,04/17/2026,54254178.0,$25-100M,2,True,True
339218,SOUTHPAW CP MANAGER LP,"           138,924,599.00",5,N,0,TX,DALLAS,Approved,04/23/2026,08/21/2026,138924599.0,$100-500M,5,False,True
339220,"MILLER FINANCIAL SERVICES, INC.","           127,000,000.00",3,Y,1,CA,SAN JUAN CAPISTRANO,Approved,12/08/2025,03/06/2026,127000000.0,$100-500M,3,True,True
339223,ETERNA GROWTH PARTNERS,"         3,546,175,074.00",40,Y,2,MA,BOSTON,Approved,12/01/2025,03/31/2026,3546175074.0,>$1B,40,True,True
339228,MODELL CAPITAL MANAGEMENT LLC,"         1,884,181,810.00",7,N,0,MI,BLOOMFIELD HILLS,Approved,12/15/2025,02/12/2026,1884181810.0,>$1B,7,False,True
339230,SCALAR FIELD,                      .00,3,Y,3,,,Approved,01/21/2026,01/20/2026,0.0,$0 reported,3,True,True
339235,"PLH FAMILY OFFICE, LLC",                      .00,4,N,0,NY,GARDEN CITY,Approved,04/27/2026,04/24/2026,0.0,$0 reported,4,False,True
339275,THE ENERGY & MINERALS GROUP LP,"        12,020,970,700.00",22,Y,1,TX,HOUSTON,Approved,03/06/2026,08/14/2026,12020970700.0,>$1B,22,True,True
339280,DORIAN INVESTMENT ADVISORY LLC,"           102,628,570.00",1,N,0,TN,MEMPHIS,Approved,05/05/2026,04/29/2026,102628570.0,$100-500M,1,False,True
339285,"ACCESS WEALTH MANAGEMENT, LLC","           357,683,282.00",5,Y,4,KY,LOUISVILLE,Approved,02/27/2026,04/20/2026,357683282.0,$100-500M,5,True,True
339298,JC CAPITAL ADVISORS GROUP LLC,"           263,019,000.00",2,Y,1,CT,STAMFORD,120-Day Approval,01/15/2026,06/03/2026,263019000.0,$100-500M,2,True,True
339299,MBX INVESTORS LLC,"           460,258,700.00",3,N,0,MI,FARMINGTON HILLS,Approved,04/08/2026,08/04/2026,460258700.0,$100-500M,3,False,True
339313,SSC,                      .00,8,N,0,TX,HOUSTON,120-Day Approval,01/22/2026,01/07/2026,0.0,$0 reported,8,False,True
339318,HARK CAPITAL ADVISORS LLC,"         1,546,865,812.00",12,Y,2,NY,NEW YORK,Approved,01/28/2026,03/30/2026,1546865812.0,>$1B,12,True,True
339321,"PROSPERITY FINANCIAL GROUP, INC.","           502,955,078.00",10,Y,8,CA,SAN RAMON,Approved,12/01/2025,07/27/2026,502955078.0,$500M-1B,10,True,True
339322,AUGUST WEALTH ADVISORS LLC,"           436,607,068.00",8,Y,4,CT,WESTPORT,Approved,11/24/2025,07/06/2026,436607068.0,$100-500M,8,True,True
339326,THIRTEEN TWENTY-TWO ADVISORS,"           163,491,295.00",7,Y,5,TX,FORT WORTH,Approved,01/05/2026,08/11/2026,163491295.0,$100-500M,7,True,True
339327,ORANGE AVENUE ADVISORS LLC,"           480,666,394.00",2,N,0,FL,ORLANDO,Approved,01/15/2026,05/17/2026,480666394.0,$100-500M,2,False,True
339338,"NORTHILL AIMS, LLC","           249,477,467.00",2,Y,1,TX,RICHARDSON,Approved,12/08/2025,05/04/2026,249477467.0,$100-500M,2,True,True
339361,MFT WEALTH MANAGEMENT,"            30,600,000.00",1,N,0,,,Approved,12/01/2025,08/25/2026,30600000.0,$25-100M,1,False,True
339373,OAKLAWN CAPITAL MANAGEMENT LLC,"           153,000,000.00",4,N,0,,,Approved,12/15/2025,02/04/2026,153000000.0,$100-500M,4,False,True
339386,HUNTERS MOON CAPITAL (US) LP,"           802,593,655.00",4,Y,2,NY,NEW YORK,Approved,01/21/2026,07/16/2026,802593655.0,$500M-1B,4,True,True
339389,LANCASTER,"             8,561,710.00",3,Y,2,,,120-Day Approval,12/01/2025,07/27/2026,8561710.0,<$25M,3,True,True
339402,STEPHEN SMITH FINANCIAL INC.,"           129,000,000.00",4,Y,2,IL,SCHAUMBURG,Approved,12/03/2025,07/08/2026,129000000.0,$100-500M,4,True,True
339409,SAVILE PRIVATE WEALTH LLC,                      .00,2,N,0,PR,SAN JUAN,Approved,04/30/2026,08/28/2026,0.0,$0 reported,2,False,True
339425,IRONHORN ADVISORS LLC,"           103,000,000.00",4,Y,1,TX,AUSTIN,Approved,01/09/2026,05/08/2026,103000000.0,$100-500M,4,True,True
339458,ULTRA CAPITAL MANAGEMENT LLC,                      .00,3,Y,5,CA,SAN FRANCISCO,120-Day Approval,08/05/2026,06/28/2026,0.0,$0 reported,3,True,True
339467,HV CAPITAL MANAGEMENT,"            71,512,244.00",4,Y,2,NY,MONTGOMERY,Approved,12/09/2025,05/14/2026,71512244.0,$25-100M,4,True,True
339469,SPENDVEST,                      .00,1,Y,9,,,Approved,12/11/2025,08/19/2026,0.0,$0 reported,1,True,True
339475,BLUE HERON CAPITAL,"           102,210,253.00",8,Y,3,CO,ENGLEWOOD,Approved,01/22/2026,03/20/2026,102210253.0,$100-500M,8,True,True
339519,"MOORSTONE, L.P.","         2,182,413,916.00",12,Y,2,NY,NEW YORK,Approved,01/02/2026,05/29/2026,2182413916.0,>$1B,12,True,True
339520,"ARISTOTLE PACIFIC CLO ADVISER III, LLC",                      .00,46,N,0,CA,NEWPORT BEACH,Approved,03/23/2026,02/18/2026,0.0,$0 reported,46,False,True
339521,"WAYCROSS GP, LLC","           156,075,000.00",12,Y,1,KY,LOUISVILLE,Approved,03/27/2026,02/25/2026,156075000.0,$100-500M,12,True,True
339528,"GUGGENHEIM INVESTMENTS LOAN ADVISORS, LLC","           155,438,401.00",10,Y,2,CT,STAMFORD,Approved,01/06/2026,07/30/2026,155438401.0,$100-500M,10,True,True
339537,"TYPHON ADVISORS, LLC","            10,000,000.00",3,Y,1,FL,MIAMI BEACH,120-Day Approval,01/05/2026,05/27/2026,10000000.0,<$25M,3,True,True
339547,"VERTRIX WEALTH MANAGEMENT, LLC","           343,192,521.00",12,Y,1,MI,TROY,Approved,12/19/2025,04/29/2026,343192521.0,$100-500M,12,True,True
339562,BULLGROUND,                      .00,5,Y,2,,CIUDAD DE M�XICO,Approved,12/12/2025,08/24/2026,0.0,$0 reported,5,True,True
339574,YOSHI ADVISORY,                      .00,11,Y,1,CA,SAN FRANCISCO,120-Day Approval,05/01/2026,08/26/2026,0.0,$0 reported,11,True,True
339596,CENTURIA CAPITAL PARTNERS LLC,                      .00,2,N,0,PR,GUAYNABO,120-Day Approval,02/10/2026,01/09/2026,0.0,$0 reported,2,False,True
339601,ERA GLOBAL TECHNOLOGIES,"           259,892,562.00",5,Y,2,NY,NEW YORK,Approved,04/09/2026,04/06/2026,259892562.0,$100-500M,5,True,True
339604,"TECTONIC CAPITAL ADVISORS, LLC","           154,408,708.00",3,N,0,TX,HOUSTON,Approved,12/11/2025,03/31/2026,154408708.0,$100-500M,3,False,True
339607,FAMILY OFFICE INVESTMENT ADVISORY LLC,                      .00,3,N,0,AZ,SCOTTSDALE,120-Day Approval,04/13/2026,03/19/2026,0.0,$0 reported,3,False,True
339616,"PIEDMONT PRIVATE WEALTH, LLC","           105,000,000.00",1,Y,2,,,Approved,02/05/2026,03/05/2026,105000000.0,$100-500M,1,True,True
339620,SHOTEN CAPITAL LP,"           622,440,516.00",8,Y,2,TX,AUSTIN,Approved,12/18/2025,04/17/2026,622440516.0,$500M-1B,8,True,True
339621,DOXARA CAPITAL LP,"           125,000,000.00",3,N,0,FL,JACKSONVILLE,Approved,01/02/2026,02/25/2026,125000000.0,$100-500M,3,False,True
339622,"REGIMENT CAPITAL ADVISORS, LLC",                      .00,1,N,0,IL,CHICAGO,120-Day Approval,08/27/2026,08/25/2026,0.0,$0 reported,1,False,True
339631,"COVE VIEW INVESTMENT PARTNERS, LLC","           127,828,869.00",3,Y,2,CT,OLD GREENWICH,Approved,01/16/2026,05/14/2026,127828869.0,$100-500M,3,True,True
339651,CENTRUS FINANCIAL STRATEGIES,"           125,094,769.00",9,Y,6,FL,ORLANDO,Approved,01/20/2026,08/12/2026,125094769.0,$100-500M,9,True,True
339659,"PC3 PARTNERS, LLC","           156,046,170.00",5,Y,2,FL,MIAMI BEACH,Approved,01/02/2026,05/04/2026,156046170.0,$100-500M,5,True,True
339660,SCHULZ FINANCIAL GROUP,"           114,881,655.00",4,Y,5,AZ,TUCSON,Approved,01/06/2026,08/28/2026,114881655.0,$100-500M,4,True,True
339681,STERLING LABS,                      .00,11,Y,1,,,120-Day Approval,03/23/2026,07/20/2026,0.0,$0 reported,11,True,True
339708,GUARDANT WEALTH ADVISORS,"           149,347,998.00",4,Y,3,FL,MIAMI,Approved,01/05/2026,05/05/2026,149347998.0,$100-500M,4,True,True
339710,VERDARA PPP LLC,                      .00,2,Y,4,FL,TAMPA,Approved,01/26/2026,07/15/2026,0.0,$0 reported,2,True,True
339720,A.G.P. ASSET MANAGEMENT LLC,"           144,457,810.00",2,Y,1,NY,NEW YORK,Approved,04/09/2026,02/19/2026,144457810.0,$100-500M,2,True,True
339729,FATHOM POINT CAPITAL LLC,"           280,000,000.00",3,Y,2,CA,SAN FRANCISCO,Approved,01/02/2026,05/01/2026,280000000.0,$100-500M,3,True,True
339735,"42 AM, LLC","            51,850,000.00",5,Y,2,NY,NEW YORK,Approved,05/28/2026,04/27/2026,51850000.0,$25-100M,5,True,True
339739,OLDFATHER FINANCIAL SERVICES,"           556,268,824.00",6,Y,3,NE,KEARNEY,Approved,12/01/2025,05/29/2026,556268824.0,$500M-1B,6,True,True
339742,SAGEPOINT CAPITAL PARTNERS LLC,"           888,349,379.00",7,Y,2,TN,FRANKLIN,Approved,03/27/2026,07/24/2026,888349379.0,$500M-1B,7,True,True
339744,EFM INVESTMENTS & ADVISORY LLC,"           680,035,856.00",13,Y,3,OR,PORTLAND,Approved,01/23/2026,03/31/2026,680035856.0,$500M-1B,13,True,True
339770,"ANTARCTICA SAF PARTNERS, LLC",                      .00,16,N,0,NY,NEW YORK,Approved,06/05/2026,08/10/2026,0.0,$0 reported,16,False,True
339794,STILLWATER PRIVATE WEALTH,"           176,766,445.00",4,Y,1,PA,ALLENTON,Approved,01/02/2026,08/19/2026,176766445.0,$100-500M,4,True,True
339800,SAGEWOOD CAPITAL MANAGEMENT LLC,                      .00,7,Y,3,NY,NEW YORK,Approved,04/22/2026,04/07/2026,0.0,$0 reported,7,True,True
339811,"ALTA ASSET MANAGEMENT, LLC",                      .00,50,Y,3,NY,NEW YORK,Approved,02/12/2026,01/12/2026,0.0,$0 reported,50,True,True
339818,"TENET WEALTH PARTNERS, LLC","           246,867,155.00",4,Y,5,IL,CHAMPAIGN,Approved,01/06/2026,08/26/2026,246867155.0,$100-500M,4,True,True
339828,BILI FINANCE,                      .00,1,Y,3,AZ,TUCSON,Approved,02/27/2026,02/27/2026,0.0,$0 reported,1,True,True
339830,LOON LAKE CAPITAL MANAGEMENT LP,"           336,024,596.00",6,Y,1,MA,BOSTON,Approved,01/02/2026,04/30/2026,336024596.0,$100-500M,6,True,True
339836,"GUDORF FINANCIAL GROUP, LLC","           121,130,421.00",4,Y,3,OH,DAYTON,Approved,01/30/2026,08/21/2026,121130421.0,$100-500M,4,True,True
339856,ROCKWALL WEALTH MANAGEMENT,"           305,459,947.00",4,N,0,TX,ROCKWALL,Approved,03/20/2026,06/15/2026,305459947.0,$100-500M,4,False,True
339872,"CRESALTA INVESTMENT MANAGEMENT, INC.","           323,400,000.00",5,Y,2,CO,GREENWOOD VILLAGE,Approved,02/27/2026,06/26/2026,323400000.0,$100-500M,5,True,True
339892,"IDYLLIC PARTNERS MANAGER, LP","            85,000,000.00",1,Y,1,NY,SLEEPY HOLLOW,Approved,01/16/2026,03/16/2026,85000000.0,$25-100M,1,True,True
339893,QUANT ALPHA DECISIONS LLC,                      .00,3,Y,2,FL,NAPLES,120-Day Approval,01/26/2026,07/27/2026,0.0,$0 reported,3,True,True
339904,"WEST RIM II UGP, LLC","         1,769,620,424.00",30,Y,3,UT,LEHI,Approved,08/14/2026,07/16/2026,1769620424.0,>$1B,30,True,True
339919,ADVISORY SOLUTIONS GROUP,"           408,369,935.00",50,Y,11,MN,PLYMOUTH,Approved,01/08/2026,08/21/2026,408369935.0,$100-500M,50,True,True
339929,CHRONOMETER PARTNERS LP,"           308,447,340.00",10,Y,1,PA,PITTSBURGH,Approved,01/23/2026,05/22/2026,308447340.0,$100-500M,10,True,True
339934,R.I.T. WEALTH ADVISORS,                      .00,3,Y,1,CA,SAN LUIS OBISPO,120-Day Approval,04/29/2026,07/24/2026,0.0,$0 reported,3,True,True
339946,"L&S PRIVATE WEALTH, LLC","           108,501,056.00",1,N,0,OK,OKLAHOMA CITY,Approved,01/14/2026,04/14/2026,108501056.0,$100-500M,1,False,True
339959,CROWNSTONE ADVISORY & INVESTMENT CORP,                      .00,2,Y,1,GA,ATLANTA,120-Day Approval,05/21/2026,05/27/2026,0.0,$0 reported,2,True,True
339969,GRYPHON WEALTH,"         3,244,339,200.00",22,Y,2,FL,JACKSONVILLE,Approved,02/13/2026,08/20/2026,3244339200.0,>$1B,22,True,True
339985,LIGHT ARC CAPITAL MANAGEMENT LLC,"           324,051,110.00",6,Y,2,CT,GREENWICH,Approved,02/13/2026,06/02/2026,324051110.0,$100-500M,6,True,True
339994,WLT PARTNERS,"           104,287,165.00",3,Y,1,FL,MIAMI,Approved,03/31/2026,07/31/2026,104287165.0,$100-500M,3,True,True
339998,"HAIRE WEALTH MANAGEMENT, INC.","           101,972,292.00",2,Y,4,MS,TUPELO,Approved,03/31/2026,05/18/2026,101972292.0,$100-500M,2,True,True
340003,PRISM PLANNING AND SOLUTIONS GROUP,"           157,013,593.00",5,Y,1,NY,WHITE PLAINS,Approved,02/17/2026,08/07/2026,157013593.0,$100-500M,5,True,True
340011,TYLER STREET CAPITAL,"           491,523,354.00",1,N,0,MA,PLYMOUTH,Approved,02/04/2026,06/08/2026,491523354.0,$100-500M,1,False,True
340024,JUSTICE SETTLEMENT CONSULTING INC.,                      .00,1,N,0,WY,CASPER,Approved,08/24/2026,08/25/2026,0.0,$0 reported,1,False,True
340054,GCM GROSVENOR WEALTH L.P.,                      .00,466,Y,2,IL,CHICAGO,Approved,04/20/2026,03/19/2026,0.0,$0 reported,466,True,True
340058,WEALTHIE ADVISORS,"                27,322.00",2,Y,1,NY,BROOKLYN,Approved,01/21/2026,06/26/2026,27322.0,<$25M,2,True,True
340063,"CHAMBERLAIN LANE CAPITAL, LLC","           100,000,010.00",2,Y,1,TN,NASHVILLE,Approved,01/23/2026,05/07/2026,100000010.0,$100-500M,2,True,True
340069,MOONVEST,                      .00,2,N,0,,,Approved,02/11/2026,01/12/2026,0.0,$0 reported,2,False,True
340089,VANDALIA WEALTH,"           249,574,253.00",22,Y,2,WV,CHARLESTON,Approved,02/19/2026,07/10/2026,249574253.0,$100-500M,22,True,True
340092,GEVERS WEALTH MANAGEMENT,"           223,697,704.00",5,Y,1,WA,ISSAQUAH,Approved,01/28/2026,06/01/2026,223697704.0,$100-500M,5,True,True
340114,APPLIED ACADEMICS,                      .00,19,Y,2,NY,NEW YORK,120-Day Approval,06/23/2026,05/15/2026,0.0,$0 reported,19,True,True
340135,"CAPSTONE WEALTH MANAGEMENT GROUP, INC.","           243,000,000.00",5,Y,1,OR,BEND,Approved,02/27/2026,07/09/2026,243000000.0,$100-500M,5,True,True
340137,LEMNIS CAPITAL,"            97,886,144.00",13,N,0,TX,RICHARDSON,Approved,03/09/2026,08/31/2026,97886144.0,$25-100M,13,False,True
340138,FORTIFY FINANCIAL,                      .00,1,Y,2,,,120-Day Approval,01/22/2026,01/12/2026,0.0,$0 reported,1,True,True
340165,WALLACE,                      .00,2,Y,4,,,120-Day Approval,02/23/2026,05/27/2026,0.0,$0 reported,2,True,True
340172,STERLING LEGACY ADVISORS INC.,                      .00,4,N,0,,,120-Day Approval,02/06/2026,08/25/2026,0.0,$0 reported,4,False,True
340174,TANARA WEALTH MANAGEMENT LLC,"         1,093,210,505.00",15,Y,1,UT,LEHI,Approved,03/12/2026,08/10/2026,1093210505.0,>$1B,15,True,True
340176,"37SPRUCE INVESTMENT PARTNERS, LLC","           150,000,000.00",7,Y,2,CT,GREENWICH,Approved,03/30/2026,07/28/2026,150000000.0,$100-500M,7,True,True
340187,ESHEL BOT,                      .00,7,Y,1,MA,BURLINGTON,120-Day Approval,02/05/2026,01/14/2026,0.0,$0 reported,7,True,True
340192,SIRENIA CAPITAL MANAGEMENT LP,"         4,260,115,721.00",13,Y,1,FL,MIAMI BEACH,Approved,01/26/2026,05/26/2026,4260115721.0,>$1B,13,True,True
340200,STONEBRIDGE FINANCIAL GROUP,"           895,995,473.00",21,Y,2,CA,SAN RAFAEL,Approved,01/29/2026,08/07/2026,895995473.0,$500M-1B,21,True,True
340213,OAK HARBOR WEALTH PARTNERS,"           288,419,511.00",4,N,0,,,Approved,02/10/2026,07/29/2026,288419511.0,$100-500M,4,False,True
340227,TOMORO,                      .00,17,Y,1,NJ,COLTS NECK,120-Day Approval,06/04/2026,08/13/2026,0.0,$0 reported,17,True,True
340229,COAST ADVISORY LLC,"           122,463,362.00",2,Y,1,WI,EAST TROY,Approved,02/27/2026,06/02/2026,122463362.0,$100-500M,2,True,True
340242,"GUGGENHEIM ASSET-BACKED FINANCE COMPANY, LLC","         1,437,839,500.00",9,Y,1,NY,NEW YORK,Approved,04/20/2026,08/17/2026,1437839500.0,>$1B,9,True,True
340245,ANCHR TECHNOLOGIES RIA LLC,                      .00,2,Y,1,NY,NEW YORK,120-Day Approval,03/30/2026,07/28/2026,0.0,$0 reported,2,True,True
340266,TAILORED WEALTH SOLUTIONS,"           271,777,434.00",7,Y,1,NY,SARATOGA SPRINGS,Approved,02/06/2026,06/05/2026,271777434.0,$100-500M,7,True,True
340285,PIEDMONT WEALTH MANAGEMENT,"           156,063,257.00",4,Y,1,VA,ALEXANDRIA,Approved,01/01/2026,04/22/2026,156063257.0,$100-500M,4,True,True
340305,ASAL INVEST,                   270.00,2,Y,2,VA,ARLINGTON,Approved,06/02/2026,06/01/2026,270.0,<$25M,2,True,True
340306,REVEL WEALTH MANAGEMENT,"           258,895,984.00",2,Y,1,NJ,ELMWOOD PARK,Approved,03/02/2026,07/23/2026,258895984.0,$100-500M,2,True,True
340313,OXFORD HARRIMAN PRIVATE WEALTH MANAGEMENT,                      .00,4,Y,5,IN,INDIANAPOLIS,120-Day Approval,04/08/2026,07/27/2026,0.0,$0 reported,4,True,True
340314,CULTIVATE WEALTH PARTNERS,"           125,329,239.00",1,Y,3,CO,BROOMFIELD,Approved,04/30/2026,08/28/2026,125329239.0,$100-500M,1,True,True
340322,KOEHLER ASSET MANAGEMENT,"           110,995,000.00",3,N,0,NY,BABYLON,Approved,03/12/2026,07/28/2026,110995000.0,$100-500M,3,False,True
340328,WORTH CHARTING LLC,"             2,500,000.00",2,Y,1,NY,NEW YORK,Approved,04/14/2026,04/13/2026,2500000.0,<$25M,2,True,True
340355,ISQ CAPITAL,                      .00,4,Y,1,PA,KING OF PRUSSIA,Approved,02/18/2026,02/02/2026,0.0,$0 reported,4,True,True
340364,"MRP ADVISORS, LLC","            96,141,842.00",1,Y,1,,,120-Day Approval,02/12/2026,08/14/2026,96141842.0,$25-100M,1,True,True
340411,"SUMITOMO MITSUI TRUST ASSET MANAGEMENT AMERICAS, INC.",                      .00,7,N,0,NY,NEW YORK,120-Day Approval,07/21/2026,06/24/2026,0.0,$0 reported,7,False,True
340421,"AI STOCK PROPHET, LLC",                      .00,3,Y,1,OH,AKRON,Approved,05/08/2026,04/22/2026,0.0,$0 reported,3,True,True
340426,FREIF ADVISORS LLC,"           569,923,542.00",69,Y,6,CO,DENVER,Approved,03/03/2026,05/29/2026,569923542.0,$500M-1B,69,True,True
340434,BANYAN TREE ADVISORS PVT. LTD.,"           561,523,266.00",56,Y,2,,BANGALORE,Approved,08/20/2026,08/20/2026,561523266.0,$500M-1B,56,True,True
340439,SOUND FUTURES,                      .00,2,Y,1,,,Approved,02/23/2026,02/11/2026,0.0,$0 reported,2,True,True
340444,EXCEPTIONAL WEALTH & FAMILY OFFICE,"           292,181,992.00",8,Y,7,CO,COLORADO SPRINGS,Approved,03/12/2026,07/10/2026,292181992.0,$100-500M,8,True,True
340455,"HCIP ADVISORS, LLC","           339,256,924.00",2,N,0,TN,NASHVILLE,Approved,02/27/2026,05/01/2026,339256924.0,$100-500M,2,False,True
340466,OPTIMAL TAX ASSET MANAGEMENT,                      .00,5,Y,1,WA,BELLEVUE,Approved,03/04/2026,08/05/2026,0.0,$0 reported,5,True,True
340471,ROSENBERG WEALTH ADVISORS,"           230,978,670.00",5,Y,3,MI,BIRMINGHAM,Approved,03/19/2026,07/29/2026,230978670.0,$100-500M,5,True,True
340474,BLUUM INVEST LLC,                      .00,2,Y,1,CA,LOS ANGELES,Approved,03/05/2026,03/04/2026,0.0,$0 reported,2,True,True
340475,"DOW FAMILY OFFICE ADVISORY, LLC",                      .00,2,N,0,FL,LAKEWOOD RANCH,120-Day Approval,04/24/2026,05/01/2026,0.0,$0 reported,2,False,True
340482,"MML CAPITAL PARTNERS NY, LLC",                      .00,3,Y,1,NY,NEW YORK CITY,120-Day Approval,08/25/2026,07/28/2026,0.0,$0 reported,3,True,True
340496,JQL WEALTH,"            44,850,000.00",1,N,0,,,Approved,04/09/2026,08/03/2026,44850000.0,$25-100M,1,False,True
340497,"GRADIENT RIDGE CAPITAL, L.P.","           231,800,000.00",7,N,0,CT,NORWALK,Approved,02/27/2026,06/01/2026,231800000.0,$100-500M,7,False,True
340501,"THE OPERATORS FUND INVESTMENT MANAGEMENT, L.P.","           303,030,303.00",4,Y,2,NY,NEW YORK,Approved,03/25/2026,07/31/2026,303030303.0,$100-500M,4,True,True
340506,"EVANSON FINANCIAL, LLC DBA EVANSON ASSET MANAGEMENT","         5,847,124,669.00",10,Y,1,,,Approved,03/02/2026,05/11/2026,5847124669.0,>$1B,10,True,True
340522,SP FUNDS,"            10,182,000.00",2,Y,3,FL,LAKE MARY,Approved,08/10/2026,07/20/2026,10182000.0,<$25M,2,True,True
340533,ALTURA PRIVATE WEALTH LLC,"           129,121,463.00",6,Y,1,UT,CENTERVILLE,Approved,08/18/2026,07/21/2026,129121463.0,$100-500M,6,True,True
340572,ACORN ASSET MANAGEMENT LLC,"             6,600,000.00",1,Y,1,NJ,PRINCETON,120-Day Approval,03/04/2026,07/06/2026,6600000.0,<$25M,1,True,True
340580,SOULENCE WEALTH MANAGEMENT,"           107,518,073.00",5,Y,2,UT,PLEASANT GROVE,Approved,03/02/2026,06/02/2026,107518073.0,$100-500M,5,True,True
340589,HOMAGE WEALTH GROUP LLC,"           366,156,549.00",2,N,0,TX,HOUSTON,Approved,02/27/2026,06/09/2026,366156549.0,$100-500M,2,False,True
340590,BODEN WEALTH,"           581,810,839.00",17,Y,3,PA,LEMOYNE,120-Day Approval,04/09/2026,08/07/2026,581810839.0,$500M-1B,17,True,True
340592,VELARIS WEALTH MANAGEMENT,"           128,708,258.00",4,Y,1,FL,ORLANDO,Approved,03/03/2026,06/05/2026,128708258.0,$100-500M,4,True,True
340594,"PATHWAY FINANCIAL SOLUTIONS, INC.","           135,287,789.00",4,Y,1,KS,SALINA,Approved,03/09/2026,07/07/2026,135287789.0,$100-500M,4,True,True
340600,CMG WEALTH ADVISORS LLC,"           138,350,338.00",5,Y,1,WI,MADISON,Approved,03/10/2026,08/14/2026,138350338.0,$100-500M,5,True,True
340613,INTEGROUS WEALTH STRATEGIES,                      .00,6,Y,1,NJ,HAMILTON,120-Day Approval,05/21/2026,05/26/2026,0.0,$0 reported,6,True,True
340618,FIDUCIARY CAPITAL MANAGEMENT LLC,"           149,815,715.00",12,Y,1,WY,CHEYENNE,Approved,03/12/2026,08/13/2026,149815715.0,$100-500M,12,True,True
340625,POLEN INTERNATIONAL EQUITY LLC,                      .00,14,Y,1,FL,BOCA RATON,Approved,03/02/2026,01/29/2026,0.0,$0 reported,14,True,True
340640,UNION STRATEGIC ADVISORS,"           371,608,066.00",4,Y,1,OH,BLUE ASH,Approved,03/02/2026,06/30/2026,371608066.0,$100-500M,4,True,True
340641,LAS OLAS CAPITAL WEALTH LLC,"           269,119,236.00",7,Y,3,FL,FORT LAUDERDALE,Approved,04/22/2026,08/24/2026,269119236.0,$100-500M,7,True,True
340644,SHAH WEALTH ADVISORS,"           606,152,179.00",7,Y,1,CA,CHINO HILLS,Approved,03/31/2026,07/31/2026,606152179.0,$500M-1B,7,True,True
340648,SOONER PRIVATE FINANCIAL LLC,"             8,995,352.00",2,N,0,NH,SALEM,120-Day Approval,04/06/2026,08/06/2026,8995352.0,<$25M,2,False,True
340675,"BREAKAWAY INDEPENDENT ADVISORS, LLC","             3,296,154.00",1,Y,2,CA,SAN DIEGO,120-Day Approval,03/03/2026,07/30/2026,3296154.0,<$25M,1,True,True
340677,"CAVU WEALTH ADVISORS, LLC","           171,550,000.00",3,Y,1,CA,WALNUT CREEK,Approved,03/12/2026,05/04/2026,171550000.0,$100-500M,3,True,True
340681,MOSAIC WEALTH MANAGEMENT LLC,"           285,000,000.00",2,N,0,IN,BLOOMINGTON,Approved,03/09/2026,07/07/2026,285000000.0,$100-500M,2,False,True
340683,BRIDGECREEK FINANCIAL GROUP,"           649,946,000.00",3,Y,1,OK,TULSA,Approved,05/08/2026,08/31/2026,649946000.0,$500M-1B,3,True,True
340696,REA FINANCIAL,                      .00,3,N,0,FL,ORLANDO,120-Day Approval,04/20/2026,08/10/2026,0.0,$0 reported,3,False,True
340702,BROAD REACH RETAIL PARTNERS LLC,"           309,000,000.00",18,Y,1,MD,MILLERSVILLE,Approved,08/24/2026,07/24/2026,309000000.0,$100-500M,18,True,True
340706,DS2 CAPITAL LLC,"           250,625,000.00",7,Y,2,,,Approved,04/03/2026,07/20/2026,250625000.0,$100-500M,7,True,True
340724,"BISON WEALTH MANAGEMENT, LLC","           131,028,624.00",4,Y,1,OH,LYNDHURST,Approved,07/13/2026,08/03/2026,131028624.0,$100-500M,4,True,True
340777,INOVO WEALTH ARCHITECTS,                      .00,4,N,0,NJ,UNION,120-Day Approval,07/23/2026,07/30/2026,0.0,$0 reported,4,False,True
340784,ALTRUIST ADVISORS LLC,                      .00,11,Y,5,CA,CULVER CITY,120-Day Approval,05/26/2026,08/03/2026,0.0,$0 reported,11,True,True
340830,"EVERTERN WEALTH, LLC","         1,564,247,778.00",12,Y,6,FL,NAPLES,Approved,03/31/2026,07/28/2026,1564247778.0,>$1B,12,True,True
340833,AURANSER INC.,                      .00,3,Y,1,SC,FORT MILL,120-Day Approval,05/01/2026,08/27/2026,0.0,$0 reported,3,True,True
340858,AXXETS WM,"           101,303,220.00",5,Y,1,FL,AVENTURA,Approved,05/07/2026,07/20/2026,101303220.0,$100-500M,5,True,True
340871,EVOLUTION VISION WEALTH MANAGEMENT,"            65,401,042.00",2,Y,1,,,120-Day Approval,03/27/2026,08/27/2026,65401042.0,$25-100M,2,True,True
340877,WOODLAND WEALTH PARTNERS,"           711,911,936.00",4,Y,1,OH,PEPPER PIKE,Approved,03/31/2026,07/28/2026,711911936.0,$500M-1B,4,True,True
340892,QSO CAPITAL MANAGEMENT LLC,"           250,000,000.00",3,Y,2,FL,FORT LAUDERDALE,Approved,03/30/2026,07/24/2026,250000000.0,$100-500M,3,True,True
340912,FARRCREST CAPITAL LLC,"           110,500,000.00",4,Y,5,,,Approved,03/27/2026,08/12/2026,110500000.0,$100-500M,4,True,True
340922,TELOS PARTNERS LLC,"           139,462,878.00",3,Y,1,CT,AVON,Approved,04/29/2026,07/29/2026,139462878.0,$100-500M,3,True,True
340925,"MDT FINANCIAL ADVISORS, LLC","           294,032,544.00",7,Y,4,TX,WEBSTER,Approved,03/16/2026,06/26/2026,294032544.0,$100-500M,7,True,True
340956,CUSTOM WEALTH MANAGEMENT,"           200,976,793.00",3,Y,1,MI,PLYMOUTH,Approved,05/01/2026,08/17/2026,200976793.0,$100-500M,3,True,True
340962,ALPHATRUST ADVISORS,                      .00,7,Y,4,AZ,PHOENIX,120-Day Approval,06/05/2026,06/18/2026,0.0,$0 reported,7,True,True
340979,"TAO PRIVATE WEALTH, LLC","           104,182,000.00",2,Y,2,OK,TULSA,Approved,04/13/2026,08/25/2026,104182000.0,$100-500M,2,True,True
340986,BAY  POINTE FINANCIAL,"           115,917,788.00",3,N,0,MI,NEW BALTIMORE,Approved,05/28/2026,08/20/2026,115917788.0,$100-500M,3,False,True
340991,PARK ROAD PARTNERS LP,                      .00,5,Y,1,NY,NEW YORK,120-Day Approval,05/11/2026,04/15/2026,0.0,$0 reported,5,True,True
340998,"WEALTH INTELLIGENTLY NAVIGATED, LLC","           532,920,068.00",7,Y,4,SC,SPARTANBURG,120-Day Approval,03/31/2026,07/20/2026,532920068.0,$500M-1B,7,True,True
341005,AWAKEN WEALTH PARTNERS LLC,"           237,266,565.00",7,Y,2,TX,HOUSTON,Approved,04/13/2026,08/17/2026,237266565.0,$100-500M,7,True,True
341025,ROI FINANCIAL PLANNING,                      .00,10,Y,2,TN,CLARKSVILLE,120-Day Approval,06/09/2026,06/29/2026,0.0,$0 reported,10,True,True
341031,"GREG JENNINGS, LLC","           183,051,483.00",3,N,0,NY,DEWITT,120-Day Approval,04/01/2026,08/07/2026,183051483.0,$100-500M,3,False,True
341034,WHITE HAWK WEALTH MANAGEMENT,"           131,209,800.00",2,Y,5,CO,BROOMFIELD,Approved,05/11/2026,08/06/2026,131209800.0,$100-500M,2,True,True
341042,MQ PRIVATE WEALTH,                      .00,1,Y,1,CA,TORRANCE,120-Day Approval,05/15/2026,08/25/2026,0.0,$0 reported,1,True,True
341060,AMALTASH ADVISORS,                      .00,2,Y,4,,,Approved,04/08/2026,03/09/2026,0.0,$0 reported,2,True,True
341084,VERITAS WEALTH MANAGEMENT,"           219,866,414.00",4,Y,1,RI,NORTH KINGSTOWN,Approved,05/07/2026,08/19/2026,219866414.0,$100-500M,4,True,True
341093,LEH III MANAGEMENT LLC,"           335,907,163.00",14,Y,3,CO,ENGLEWOOD,Approved,08/11/2026,08/10/2026,335907163.0,$100-500M,14,True,True
341095,"BLUE HORIZON EQUITY, INC.",                      .00,45,Y,8,NY,PITTSFORD,120-Day Approval,05/06/2026,06/01/2026,0.0,$0 reported,45,True,True
341098,"GLD ADVISORS, LLC","           257,309,468.00",4,N,0,FL,MIAMI BEACH,Approved,04/09/2026,08/03/2026,257309468.0,$100-500M,4,False,True
341112,"2201 CAPITAL, LLC","            40,000,000.00",3,N,0,NY,NEW YORK,Approved,02/27/2026,06/30/2026,40000000.0,$25-100M,3,False,True
341117,LIONHUNTER CAPITAL MANAGEMENT LLC,"           266,785,469.00",2,N,0,NY,NEW YORK,Approved,04/06/2026,07/24/2026,266785469.0,$100-500M,2,False,True
341121,COOLABAH INVESTMENT MANAGEMENT (USA) INC,                      .00,1,Y,2,FL,MIAMI,Approved,04/14/2026,03/23/2026,0.0,$0 reported,1,True,True
341131,RISING POINT CAPITAL,"           219,649,179.00",9,Y,2,IL,CHICAGO,Approved,07/09/2026,06/09/2026,219649179.0,$100-500M,9,True,True
341135,SAHARA INVESTMENT GROUP,"           218,064,366.00",15,Y,3,NV,LAS VEGAS,Approved,04/27/2026,08/25/2026,218064366.0,$100-500M,15,True,True
341136,"BULLETPROOF CAPITAL, LLC","           575,767,663.00",8,Y,2,IL,CHICAGO,Approved,05/20/2026,07/10/2026,575767663.0,$500M-1B,8,True,True
341142,"VERA LAKE CAPITAL, LLC","           180,355,372.00",3,N,0,MN,EDINA,Approved,03/31/2026,07/06/2026,180355372.0,$100-500M,3,False,True
341159,CHARLESBRIDGE ADVISORS,                      .00,4,Y,3,MA,DEDHAM,120-Day Approval,05/12/2026,07/30/2026,0.0,$0 reported,4,True,True
341167,FAIRLEAD STRATEGIES LLC,                      .00,4,Y,3,CT,GREENWICH,Approved,04/03/2026,08/17/2026,0.0,$0 reported,4,True,True
341186,TRILLIUM WEALTH LLC,"           544,636,725.00",13,Y,1,FL,WINTER PARK,Approved,03/26/2026,07/27/2026,544636725.0,$500M-1B,13,True,True
341198,HARBOURVEST REGISTERED ADVISERS II,                      .00,1204,Y,4,MA,BOSTON,Approved,04/03/2026,03/06/2026,0.0,$0 reported,1204,True,True
341213,CHILDRESS & CO LLC,"           120,288,481.00",2,N,0,,,Approved,05/12/2026,08/23/2026,120288481.0,$100-500M,2,False,True
341216,"CAMBIER CAPITAL, LLC","           165,471,064.00",4,Y,2,FL,NAPLES,Approved,04/02/2026,07/31/2026,165471064.0,$100-500M,4,True,True
341222,CAPITAL FINANCIAL PLANNERS LLC,                      .00,5,Y,1,MD,CHEVY CHASE,120-Day Approval,06/15/2026,05/15/2026,0.0,$0 reported,5,True,True
341229,"FACTORPOINT PLANNING, LLC","           287,933,766.00",3,Y,2,NY,PITTSFORD,Approved,04/06/2026,08/03/2026,287933766.0,$100-500M,3,True,True
341250,FACTORY CAPITAL LLC,"           102,526,166.00",7,Y,1,CA,LOS ANGELES,Approved,04/06/2026,08/07/2026,102526166.0,$100-500M,7,True,True
341270,ACCUMULATOR OPERATIONS LLC,"           148,405,174.00",29,Y,1,FL,CORAL GABLES,Approved,04/13/2026,04/01/2026,148405174.0,$100-500M,29,True,True
341292,"MAGARIAN CAPITAL MANAGEMENT, LLC","           259,717,173.00",6,N,0,TX,SAN ANTONIO,Approved,04/17/2026,03/30/2026,259717173.0,$100-500M,6,False,True
341317,GALLATIN RIVER CAPITAL LLC,                      .00,1,Y,2,CO,LITTLETON,120-Day Approval,08/06/2026,08/12/2026,0.0,$0 reported,1,True,True
341359,"HYCO RIVER INVESTMENTS, INCORPORATED",                      .00,3,Y,1,,,120-Day Approval,04/15/2026,08/24/2026,0.0,$0 reported,3,True,True
341361,PRAIRIE VIEW WEALTH PARTNERS LLC,"           171,189,306.00",3,Y,1,SD,SIOUX FALLS,Approved,04/08/2026,08/06/2026,171189306.0,$100-500M,3,True,True
341363,STONE OAK CAPITAL LLC,"            33,720,036.00",2,Y,1,NY,ROCHESTER,Approved,04/22/2026,07/02/2026,33720036.0,$25-100M,2,True,True
341388,NOW ASSET MANAGEMENT LLC,"            39,800,000.00",3,N,0,NY,PURCHASE,Approved,05/08/2026,08/06/2026,39800000.0,$25-100M,3,False,True
341389,TOGETHER WEALTH GROUP LLC,                      .00,5,Y,2,FL,MIAMI BEACH,120-Day Approval,06/04/2026,08/26/2026,0.0,$0 reported,5,True,True
341399,"MERIT CAPITAL PARTNERS VI, LLC","           448,206,508.00",19,Y,2,IL,CHICAGO,Approved,05/13/2026,07/31/2026,448206508.0,$100-500M,19,True,True
341413,SKYLAR CAPITAL MANAGEMENT LP,"           437,682,289.00",21,Y,3,TX,HOUSTON,Approved,04/27/2026,08/25/2026,437682289.0,$100-500M,21,True,True
341419,BLOCKBRIDGE INVESTMENTS LLC,                      .00,1,Y,1,MN,MINNEAPOLIS,120-Day Approval,06/29/2026,06/24/2026,0.0,$0 reported,1,True,True
341425,"WILLIAM RAVEIS - MORAN WEALTH MANAGEMENT, LLC",                      .00,1,N,0,FL,NAPLES,Approved,04/22/2026,04/02/2026,0.0,$0 reported,1,False,True
341426,NDH OPPORTUNITY LLC,"           235,448,447.00",1,Y,2,,,Approved,08/05/2026,07/09/2026,235448447.0,$100-500M,1,True,True
341449,UPSTATE ADVISERS INC,"            34,053,630.00",1,Y,2,NY,PITTSFORD,Approved,04/21/2026,07/21/2026,34053630.0,$25-100M,1,True,True
341458,GIBERT WEALTH MANAGEMENT,"           315,989,002.00",2,Y,1,NC,CHARLOTTE,Approved,04/10/2026,07/24/2026,315989002.0,$100-500M,2,True,True
341486,IRM MANAGEMENT,                      .00,1,N,0,,,120-Day Approval,05/20/2026,04/23/2026,0.0,$0 reported,1,False,True
341495,"KEYSTONE FINANCIAL RESOURCES, LLC",                      .00,4,Y,2,TN,BRENTWOOD,120-Day Approval,06/04/2026,08/11/2026,0.0,$0 reported,4,True,True
341500,"RARE CAPITAL MANAGEMENT, LLC","           333,641,082.00",10,Y,1,TN,NASHVILLE,Approved,07/14/2026,06/23/2026,333641082.0,$100-500M,10,True,True
341516,"DAHER CAPITAL GROUP, LLC","           490,000,000.00",1,N,0,FL,JUPITER,Approved,05/15/2026,05/20/2026,490000000.0,$100-500M,1,False,True
341520,"GENOA WEALTH, LLC",                      .00,2,N,0,,,120-Day Approval,05/27/2026,05/27/2026,0.0,$0 reported,2,False,True
341539,"BANCREEK CAPITAL STRATEGIES, LLC","            11,199,528.00",3,N,0,CA,SANTA MONICA,Approved,04/28/2026,05/27/2026,11199528.0,<$25M,3,False,True
341550,UNIFIED RETIREMENT PLANNING GROUP,                      .00,2,Y,1,NY,BRIARCLIFF MANOR,120-Day Approval,05/11/2026,04/10/2026,0.0,$0 reported,2,True,True
341573,TBG-BEDFORD GROUP LLC,"           758,104,476.00",9,N,0,MO,SAINT LOUIS,Approved,04/22/2026,08/20/2026,758104476.0,$500M-1B,9,False,True
341584,"BEACON COAST PARTNERS, LLC",                      .00,6,Y,2,CA,SAN FRANCISCO,120-Day Approval,06/04/2026,06/10/2026,0.0,$0 reported,6,True,True
341591,"SKYLAR WEALTH MANAGEMENT, LLC",                      .00,2,Y,1,CA,PASADENA,120-Day Approval,07/08/2026,08/25/2026,0.0,$0 reported,2,True,True
341599,"QUEST WEALTH SOLUTIONS, INC.","           214,553,000.00",4,Y,1,OH,MANSFIELD,Approved,04/28/2026,08/24/2026,214553000.0,$100-500M,4,True,True
341604,"AMBROSE CAPITAL ADVISORS, LLC",                      .00,48,Y,2,IN,INDIANAPOLIS,120-Day Approval,05/05/2026,04/01/2026,0.0,$0 reported,48,True,True
341626,"NAPLES PRIVATE CAPITAL, LLC",                      .00,9,Y,2,NC,MOORESVILLE,120-Day Approval,06/03/2026,05/11/2026,0.0,$0 reported,9,True,True
341636,OVERWATCH CAPITAL ADVISORS LLC,                      .00,4,N,0,NY,NEW YORK,120-Day Approval,06/02/2026,05/29/2026,0.0,$0 reported,4,False,True
341654,CENTRICUS INVESTMENT ADVISORS (US) LLC,"         1,021,000,000.00",20,Y,2,CA,BEVERLY HILLS,Approved,06/01/2026,05/01/2026,1021000000.0,>$1B,20,True,True
341683,"ADAMS ADVISORY SERVICES, LLC",                      .00,1,N,0,,,120-Day Approval,04/28/2026,08/28/2026,0.0,$0 reported,1,False,True
341684,DVB PRIVATE WEALTH,                      .00,7,Y,6,PA,HARRISBURG,120-Day Approval,06/25/2026,06/23/2026,0.0,$0 reported,7,True,True
341686,"CLEVELAND CAPITAL MANAGEMENT, L.L.C.","           215,837,993.00",2,Y,1,OH,ROCKY RIVER,Approved,04/28/2026,05/04/2026,215837993.0,$100-500M,2,True,True
341725,DX ADVISORS LLC,"           753,288,631.00",4,N,0,NV,LAS VEGAS,Approved,04/23/2026,07/15/2026,753288631.0,$500M-1B,4,False,True
341732,TREASURE VALLEY FINANCIAL PLANNING,                      .00,10,N,0,ID,MERIDIAN,120-Day Approval,05/21/2026,08/03/2026,0.0,$0 reported,10,False,True
341748,LIFEWISE WEALTH ADVISORS,                      .00,8,Y,2,IL,CHAMPAIGN,120-Day Approval,06/18/2026,06/17/2026,0.0,$0 reported,8,True,True
341781,"COSMOS WEALTH, LLC",                      .00,2,Y,1,CA,LA JOLLA,120-Day Approval,05/28/2026,05/28/2026,0.0,$0 reported,2,True,True
341785,SILVER BIRCH FINANCIAL LLC,"           399,474,010.00",7,Y,1,,,120-Day Approval,05/08/2026,08/14/2026,399474010.0,$100-500M,7,True,True
341803,HAFELE INVESTMENTS,"            57,736,800.00",4,Y,2,KY,LOUISVILLE,120-Day Approval,06/22/2026,07/01/2026,57736800.0,$25-100M,4,True,True
341810,VISTA POINT ASSET MANAGEMENT LLC,                      .00,6,N,0,CA,IRVINE,120-Day Approval,06/23/2026,06/10/2026,0.0,$0 reported,6,False,True
341851,"NEARSIDE ADVISORS, LLC","           188,582,674.00",3,Y,1,IN,INDIANAPOLIS,Approved,05/01/2026,08/10/2026,188582674.0,$100-500M,3,True,True
341875,ALIUS CAPITAL PARTNERS,                      .00,2,Y,2,FL,AVENTURA,120-Day Approval,05/13/2026,04/13/2026,0.0,$0 reported,2,True,True
341885,STAR WEALTH MANAGEMENT CORPORATION,"           156,477,380.00",3,Y,1,MI,BINGHAM FARMS,Approved,06/18/2026,08/25/2026,156477380.0,$100-500M,3,True,True
341905,"GOALPOST WEALTH MANAGEMENT, LLC",                      .00,2,N,0,PA,RADNOR,120-Day Approval,07/08/2026,06/05/2026,0.0,$0 reported,2,False,True
341913,INTENTGEN FINANCIAL PARTNERS,                      .00,16,Y,1,IL,NAPERVILLE,120-Day Approval,05/15/2026,07/17/2026,0.0,$0 reported,16,True,True
341970,"MONROE CAPITAL ASSET FINANCE ADVISORS, LLC",                      .00,50,Y,5,IL,CHICAGO,Approved,06/08/2026,05/11/2026,0.0,$0 reported,50,True,True
342013,N10� WEALTH,"           553,113,709.00",5,Y,1,CT,GREENWICH,Approved,06/01/2026,08/14/2026,553113709.0,$500M-1B,5,True,True
342014,VENEROSO WEALTH MANAGEMENT,"           298,792,338.00",1,Y,2,NY,WOODBURY,Approved,06/17/2026,08/27/2026,298792338.0,$100-500M,1,True,True
342019,NETWORK CAPITAL,                      .00,1,Y,1,MT,KALISPELL,Approved,05/11/2026,04/14/2026,0.0,$0 reported,1,True,True
342040,BUCKS CAPITAL ADVISERS,                      .00,2,Y,1,PA,NEWTOWN,120-Day Approval,08/06/2026,08/06/2026,0.0,$0 reported,2,True,True
342069,NORTHWIND FINANCIAL LLC,"           142,241,176.00",2,Y,1,OR,BEND,120-Day Approval,05/06/2026,08/30/2026,142241176.0,$100-500M,2,True,True
342075,CASTLE WEALTH GROUP,                      .00,3,N,0,NC,MOORESVILLE,120-Day Approval,06/18/2026,06/22/2026,0.0,$0 reported,3,False,True
342087,CLAIRALPHA ADVISORS LLC,                      .00,1,Y,1,TX,FRISCO,120-Day Approval,05/14/2026,06/12/2026,0.0,$0 reported,1,True,True
342109,"3D ADVISOR GROUP, INC.",                      .00,2,Y,1,,,120-Day Approval,05/15/2026,08/14/2026,0.0,$0 reported,2,True,True
342110,CANYON ABF MANAGER LLC,"           300,000,000.00",122,Y,1,TX,DALLAS,Approved,08/21/2026,07/10/2026,300000000.0,$100-500M,122,True,True
342120,"345 INVESTMENT ADVISORY, LLC",                      .00,1,N,0,AZ,SCOTTSDALE,120-Day Approval,05/15/2026,08/14/2026,0.0,$0 reported,1,False,True
342129,ZAI TECHNOLOGIES LLC,                      .00,1,Y,3,CA,THOUSAND OAKS,120-Day Approval,05/12/2026,04/30/2026,0.0,$0 reported,1,True,True
342136,"NEXT UP WEALTH ADVISORS, LLC","           100,234,754.00",2,Y,1,AZ,SCOTTSDALE,Approved,05/14/2026,08/03/2026,100234754.0,$100-500M,2,True,True
342137,"SPRINGHILL WEALTH MANAGEMENT, LLC",                      .00,1,Y,1,MT,BOZEMAN,120-Day Approval,05/11/2026,08/21/2026,0.0,$0 reported,1,True,True
342171,"CLEARVIEW FAMILY WEALTH, LLC",                      .00,1,Y,1,MA,PEABODY,120-Day Approval,05/21/2026,08/19/2026,0.0,$0 reported,1,True,True
342176,TUTELA ADVISORY GROUP,                      .00,1,N,0,,,120-Day Approval,05/08/2026,04/09/2026,0.0,$0 reported,1,False,True
342180,MARTIN & COMPANY,                      .00,6,Y,2,CA,VALENCIA,120-Day Approval,06/15/2026,06/16/2026,0.0,$0 reported,6,True,True
342185,N10� ASSETS,"           306,876,934.00",5,Y,5,CT,GREENWICH,Approved,06/01/2026,08/21/2026,306876934.0,$100-500M,5,True,True
342214,LONGNOOK ETF LLC,                      .00,2,Y,1,,,Approved,08/20/2026,08/28/2026,0.0,$0 reported,2,True,True
342218,AQUALIS PARTNERS LLC,                      .00,3,Y,2,CT,DARIEN,120-Day Approval,06/26/2026,07/08/2026,0.0,$0 reported,3,True,True
342220,BROADSIDE WEALTH,                      .00,1,Y,2,CA,SAN FRANCISCO,120-Day Approval,06/01/2026,07/13/2026,0.0,$0 reported,1,True,True
342224,FUTUREIT INC.,                      .00,6,Y,1,,,Approved,06/08/2026,06/03/2026,0.0,$0 reported,6,True,True
342232,SILVERCAP PARTNERS,                      .00,11,Y,2,NC,CHARLOTTE,120-Day Approval,08/06/2026,07/17/2026,0.0,$0 reported,11,True,True
342236,"WHITEROCK WEALTH DESIGN, LLC","           632,891,285.00",8,Y,2,AR,FAYETTEVILLE,120-Day Approval,06/04/2026,08/28/2026,632891285.0,$500M-1B,8,True,True
342244,MIFEL CAPITAL PARTNERS LLC,                      .00,1,N,0,FL,MIAMI,120-Day Approval,08/10/2026,08/04/2026,0.0,$0 reported,1,False,True
342252,MARDIN CAPITAL GROUP,"           306,153,730.00",6,Y,2,NH,RYE,Approved,05/29/2026,08/13/2026,306153730.0,$100-500M,6,True,True
342254,CHAMPION CAPITAL LLC,"               100,000.00",3,Y,1,CO,GREENWOOD,120-Day Approval,08/05/2026,06/30/2026,100000.0,<$25M,3,True,True
342258,RIPL WEALTH,                      .00,3,Y,1,,,120-Day Approval,05/29/2026,06/03/2026,0.0,$0 reported,3,True,True
342266,"THE CONNOR GROUP FUND MANAGER, LLC","           494,336,803.00",6,N,0,OH,MIAMISBURG,Approved,05/27/2026,04/24/2026,494336803.0,$100-500M,6,False,True
342272,SHADOWBOX LOGISTICS,                      .00,5,Y,1,NY,NEW YORK,120-Day Approval,07/02/2026,07/06/2026,0.0,$0 reported,5,True,True
342281,"CLEARLAKE CAPITAL RIC MANAGEMENT, LLC",                      .00,5,Y,3,CA,SANTA MONICA,Approved,08/05/2026,07/27/2026,0.0,$0 reported,5,True,True
342288,MILLER WEALTH MANAGEMENT,                      .00,1,Y,1,AZ,GILBERT,120-Day Approval,07/17/2026,08/12/2026,0.0,$0 reported,1,True,True
342319,"ASSET GROWTH SOLUTIONS, LLC","           702,717,385.00",5,Y,2,AZ,SCOTTSDALE,Approved,07/15/2026,07/14/2026,702717385.0,$500M-1B,5,True,True
342323,"SCHONFELD WEALTH MANAGEMENT, LLC",                      .00,2,Y,1,NY,BROOKLYN,120-Day Approval,05/21/2026,06/09/2026,0.0,$0 reported,2,True,True
342338,COINBASE ADVISORS,                      .00,5,Y,1,CT,STAMFORD,Approved,05/27/2026,07/23/2026,0.0,$0 reported,5,True,True
342340,HOFMAN WEALTH MANAGEMENT,                      .00,3,N,0,MO,CHESTERFIELD,120-Day Approval,06/22/2026,05/22/2026,0.0,$0 reported,3,False,True
342345,"REGFI USA, LLC",                      .00,4,Y,2,FL,MIAMI,Approved,08/05/2026,08/13/2026,0.0,$0 reported,4,True,True
342364,"VALEN PRIVATE CAPITAL, LLC.","           482,643,221.00",3,Y,4,PA,PAOLI,Approved,05/13/2026,08/28/2026,482643221.0,$100-500M,3,True,True
342371,RAMP ADVISORY LLC,                      .00,9,Y,1,NY,NEW YORK,120-Day Approval,06/22/2026,05/22/2026,0.0,$0 reported,9,True,True
342378,VECTIS CAPITAL,                      .00,6,Y,1,,,120-Day Approval,06/08/2026,06/23/2026,0.0,$0 reported,6,True,True
342404,DIGNUM ET JUSTUM,                      .00,1,Y,1,FL,SAINT AUGUSTINE,120-Day Approval,05/26/2026,05/28/2026,0.0,$0 reported,1,True,True
342420,KUTUMB INVESTMENTS LLC,                      .00,3,Y,1,,,120-Day Approval,05/26/2026,05/18/2026,0.0,$0 reported,3,True,True
342427,"CALLODINE BDC ADVISOR, LLC",                      .00,13,N,0,MA,BOSTON,120-Day Approval,07/23/2026,06/26/2026,0.0,$0 reported,13,False,True
342429,QUASAR,                      .00,1,N,0,NY,NEW YORK,120-Day Approval,07/09/2026,06/11/2026,0.0,$0 reported,1,False,True
342447,"BREITER WEALTH MANAGEMENT, LLC","            72,296,151.00",3,Y,1,MO,ST. LOUIS,120-Day Approval,06/25/2026,08/17/2026,72296151.0,$25-100M,3,True,True
342449,RAC STRATEGIC PARTNERS,                      .00,1,N,0,,,120-Day Approval,07/15/2026,07/24/2026,0.0,$0 reported,1,False,True
342458,"TIDE ROCK LEVERAGECO MANAGER, LLC",                      .00,50,Y,2,CA,SOLANA BEACH,120-Day Approval,06/08/2026,05/20/2026,0.0,$0 reported,50,True,True
342462,MERIDIAN WEALTH GROUP,                      .00,2,Y,1,FL,DADE CITY,120-Day Approval,06/25/2026,07/02/2026,0.0,$0 reported,2,True,True
342466,"APPLESEED ADVISORY, LLC",                      .00,1,Y,1,CA,SAN FRANCISCO,120-Day Approval,06/24/2026,08/07/2026,0.0,$0 reported,1,True,True
342527,"ELLIS WEALTH ADVISORS, LLC",                      .00,4,Y,1,AL,MADISON,120-Day Approval,06/26/2026,07/14/2026,0.0,$0 reported,4,True,True
342544,"ANCHOR & OAK WEALTH ADVISORS, LLC",                      .00,4,N,0,FL,MARCO ISLAND,120-Day Approval,06/12/2026,08/07/2026,0.0,$0 reported,4,False,True
342546,STEFFENS FINANCIAL CORP,                      .00,10,Y,4,NJ,BYRAM TOWNSHIP,120-Day Approval,06/15/2026,05/29/2026,0.0,$0 reported,10,True,True
342558,755 FINANCIAL,                      .00,4,Y,1,GA,WOODSTOCK,120-Day Approval,06/23/2026,08/21/2026,0.0,$0 reported,4,True,True
342560,LYNCH FINANCIAL ADVISORS,"           112,884,564.00",3,Y,7,CA,ROSEVILLE,Approved,07/13/2026,08/24/2026,112884564.0,$100-500M,3,True,True
342561,GOLDEN RATIO WEALTH MANAGEMENT LLC,                      .00,1,N,0,PA,RADNOR,120-Day Approval,07/08/2026,06/05/2026,0.0,$0 reported,1,False,True
342568,POLSON WEALTH MANAGEMENT,                      .00,2,Y,1,,,120-Day Approval,06/05/2026,05/07/2026,0.0,$0 reported,2,True,True
342570,"TRUELINE WEALTH GROUP, LLC",                      .00,3,Y,1,MS,HATTIESBURG,120-Day Approval,06/08/2026,06/30/2026,0.0,$0 reported,3,True,True
342601,SUISSA PRIVATE WEALTH,                      .00,3,Y,1,MD,BETHESDA,120-Day Approval,08/19/2026,08/21/2026,0.0,$0 reported,3,True,True
342637,EYRA,                      .00,3,N,0,,,120-Day Approval,07/17/2026,07/15/2026,0.0,$0 reported,3,False,True
342641,SOLSTICE GUARD CAPITAL,                      .00,3,N,0,MO,ST. CHARLES,120-Day Approval,07/02/2026,06/02/2026,0.0,$0 reported,3,False,True
342664,"UPP MANAGEMENT, LP",                      .00,316,Y,1,TX,HOUSTON,Approved,06/15/2026,05/19/2026,0.0,$0 reported,316,True,True
342671,SCHEELER FINANCIAL GROUP,                      .00,2,Y,3,OH,WEST CHESTER,120-Day Approval,06/26/2026,07/31/2026,0.0,$0 reported,2,True,True
342680,"BARTHOLOMEW & COMPANY WEALTH MANAGEMENT, LLC",                      .00,1,N,0,MA,WORCESTER,120-Day Approval,07/01/2026,07/01/2026,0.0,$0 reported,1,False,True
342682,CHARBETH ADVISORY L.L.C.,"           370,000,000.00",1,N,0,,,Approved,07/15/2026,06/15/2026,370000000.0,$100-500M,1,False,True
342692,"STACKSTONE WEALTH, LLC",                      .00,27,N,0,IA,DUBUQUE,120-Day Approval,06/10/2026,08/25/2026,0.0,$0 reported,27,False,True
342696,"ROTHSCHILD FINANCIAL PARTNERS, LLC",                      .00,2,N,0,IL,OAK BROOK,Approved,06/22/2026,08/26/2026,0.0,$0 reported,2,False,True
342697,EARLYBIRD ADVISORS LLC,                      .00,1,Y,1,,,120-Day Approval,07/13/2026,06/10/2026,0.0,$0 reported,1,True,True
342728,FINANCIAL POTENTIAL WEALTH MANAGEMENT,                      .00,2,Y,3,GA,GAINESVILLE,120-Day Approval,07/17/2026,08/06/2026,0.0,$0 reported,2,True,True
342730,AURA INVESTMENTS LLC,                      .00,1,N,0,,,120-Day Approval,08/14/2026,07/15/2026,0.0,$0 reported,1,False,True
342735,VELARA WEALTH MANAGEMENT INC.,                      .00,1,Y,1,NY,NEW YORK,120-Day Approval,07/09/2026,06/25/2026,0.0,$0 reported,1,True,True
342736,HERITAGE HAUS WEALTH PARTNERS LLC,                      .00,5,N,0,TX,NEW BRAUNFELS,120-Day Approval,06/12/2026,07/20/2026,0.0,$0 reported,5,False,True
342737,"PUBLIC SAFETY FINANCIAL GROUP, LLC",                      .00,1,N,0,TX,HOUSTON,120-Day Approval,07/17/2026,06/17/2026,0.0,$0 reported,1,False,True
342763,WICK,                      .00,7,Y,5,NJ,UNION CITY,Approved,07/17/2026,07/06/2026,0.0,$0 reported,7,True,True
342776,EAST WEST WEALTH ADVISORS LLC,                      .00,5,N,0,CA,PASADENA,120-Day Approval,07/14/2026,07/22/2026,0.0,$0 reported,5,False,True
342777,BIASAFE SECURITIES USA CORP,                      .00,2,Y,1,,"MONTREAL, QC",Approved,07/13/2026,07/29/2026,0.0,$0 reported,2,True,True
342781,EDYN,                      .00,4,Y,3,PA,PHILADELPHIA,120-Day Approval,07/13/2026,08/27/2026,0.0,$0 reported,4,True,True
342791,CARAZO WEALTH MANAGEMENT,                      .00,2,Y,1,LA,METAIRIE,120-Day Approval,08/11/2026,07/16/2026,0.0,$0 reported,2,True,True
342808,VICTORYARC HOLDINGS LP,"            41,244,083.00",2,Y,2,CT,GREENWICH,120-Day Approval,08/11/2026,07/08/2026,41244083.0,$25-100M,2,True,True
342819,EHG WEALTH MANAGEMENT,                      .00,4,N,0,,,120-Day Approval,07/07/2026,07/28/2026,0.0,$0 reported,4,False,True
342820,"PELORUS CAPITAL MANAGEMENT, LLC",                      .00,9,Y,1,CA,IRVINE,120-Day Approval,07/13/2026,06/30/2026,0.0,$0 reported,9,True,True
342830,NEURALVEST LLC,                      .00,2,Y,1,,,Approved,08/13/2026,08/10/2026,0.0,$0 reported,2,True,True
342848,OLDE RALEIGH FINANCIAL GROUP,                      .00,7,Y,3,NC,RALEIGH,120-Day Approval,07/02/2026,07/17/2026,0.0,$0 reported,7,True,True
342911,"EVERLONG CAPITAL FUND MANAGEMENT, LP",                      .00,8,Y,1,TX,DALLAS,120-Day Approval,08/05/2026,06/25/2026,0.0,$0 reported,8,True,True
342913,PFS SIGNATURE WEALTH,                      .00,7,Y,1,FL,TAMPA,120-Day Approval,06/26/2026,06/26/2026,0.0,$0 reported,7,True,True
342919,"HIRST FINANCIAL INDEPENDENCE PLANNING, INC.",                      .00,4,Y,3,MA,FALL RIVER,120-Day Approval,07/08/2026,06/03/2026,0.0,$0 reported,4,True,True
342928,ALLEN FINANCIAL PARTNERS,                      .00,3,Y,1,AZ,PRESCOTT,120-Day Approval,07/20/2026,07/02/2026,0.0,$0 reported,3,True,True
342936,SWISS FINANCE PRIVATE WEALTH MANAGEMENT LLC,"           101,191,274.00",7,Y,1,CT,SOUTHBURY,Approved,08/05/2026,07/20/2026,101191274.0,$100-500M,7,True,True
342937,LANGAN FINANCIAL GROUP,                      .00,12,Y,5,PA,CAMP HILL,120-Day Approval,07/23/2026,08/26/2026,0.0,$0 reported,12,True,True
342950,STEWARDWELL LLC,                      .00,19,Y,2,TN,FRANKLIN,120-Day Approval,07/01/2026,07/09/2026,0.0,$0 reported,19,True,True
342960,KAHN ASSET MANAGEMENT,                      .00,1,N,0,CA,LOS ANGELES,Approved,07/01/2026,06/03/2026,0.0,$0 reported,1,False,True
342965,OWNIT TECHNOLOGIES LLC,                      .00,4,Y,1,,,120-Day Approval,08/24/2026,08/20/2026,0.0,$0 reported,4,True,True
342994,LRH CAPITAL ADVISING LLC,"           113,899,694.00",1,N,0,TX,DALLAS,Approved,07/01/2026,06/01/2026,113899694.0,$100-500M,1,False,True
342997,LEGGETT VENTURES,                      .00,5,Y,2,TX,HOUSTON,Approved,07/01/2026,06/01/2026,0.0,$0 reported,5,True,True
342998,"ALPINE ADVISORY PARTNERS, LLC",                      .00,1,Y,2,,,120-Day Approval,08/05/2026,08/24/2026,0.0,$0 reported,1,True,True
342999,COBBLERS COVE CAPITAL LP,                      .00,2,N,0,SC,CHARLESTON,120-Day Approval,07/15/2026,07/01/2026,0.0,$0 reported,2,False,True
343009,IRISH CREEK CAPITAL,                      .00,3,N,0,NJ,CAMDEN,120-Day Approval,07/10/2026,06/18/2026,0.0,$0 reported,3,False,True
343036,PALUS ADVISORY LLC,                      .00,2,Y,3,NY,NEW YORK,120-Day Approval,08/10/2026,07/16/2026,0.0,$0 reported,2,True,True
343053,POLOIDAL CAPITAL 9D ADVISORS LLC,                      .00,4,Y,2,FL,MIAMI,120-Day Approval,07/20/2026,07/14/2026,0.0,$0 reported,4,True,True
343062,"SLR SECURED LENDING PARTNERS, LLC",                      .00,65,Y,2,NY,NEW YORK,120-Day Approval,07/22/2026,06/25/2026,0.0,$0 reported,65,True,True
343069,HOAINVEST LLC,                      .00,11,Y,1,CA,IRVINE,120-Day Approval,08/26/2026,08/11/2026,0.0,$0 reported,11,True,True
343072,VECTOR3 WEALTH MANAGEMENT,                      .00,1,Y,1,CA,SAN DIEGO,120-Day Approval,07/06/2026,06/10/2026,0.0,$0 reported,1,True,True
343080,W.B. EDWARDS & CO.,                      .00,2,Y,1,TN,KNOXVILLE,120-Day Approval,07/08/2026,07/01/2026,0.0,$0 reported,2,True,True
343082,"DITTO & POWERS, LLC",                      .00,2,N,0,MD,COCKEYSVILLE,120-Day Approval,08/17/2026,08/21/2026,0.0,$0 reported,2,False,True
343090,MY ADVISORS US LLC,                      .00,1,Y,1,CA,TUSTIN,120-Day Approval,07/20/2026,06/26/2026,0.0,$0 reported,1,True,True
343104,ARIAM GLOBAL INC.,                      .00,1,Y,1,CA,SAN DIEGO,Approved,07/08/2026,06/08/2026,0.0,$0 reported,1,True,True
343113,INTENTIONAL WEALTH PLANNING,                      .00,2,Y,2,TN,BRENTWOOD,120-Day Approval,08/06/2026,07/29/2026,0.0,$0 reported,2,True,True
343132,"3A CAPITAL, LLC",                      .00,4,N,0,NY,NEW YORK,Approved,07/16/2026,07/27/2026,0.0,$0 reported,4,False,True
343142,"LENDISTRY CAPITAL PARTNERS, LLC","           213,405,020.00",9,Y,1,CA,LOS ANGELES,Approved,08/24/2026,07/23/2026,213405020.0,$100-500M,9,True,True
343156,"STRUCTURE WEALTH MANAGEMENT, LLC","           165,701,905.00",2,Y,1,FL,TAMPA,Approved,08/17/2026,08/19/2026,165701905.0,$100-500M,2,True,True
343176,HUDSON & ASSOCIATES WEALTH MANAGEMENT LLC,                      .00,2,N,0,OK,TULSA,120-Day Approval,07/16/2026,08/07/2026,0.0,$0 reported,2,False,True
343208,LIBERTY FORGE LLC,"           250,802,244.00",9,Y,1,MA,BOSTON,Approved,07/13/2026,08/25/2026,250802244.0,$100-500M,9,True,True
343247,"NAPLES WEALTH ADVISORS, LLC",                      .00,1,Y,1,FL,NAPLES,120-Day Approval,07/23/2026,06/25/2026,0.0,$0 reported,1,True,True
343256,"MIDFIELD PRIVATE WEALTH, LLC",                      .00,2,N,0,NY,WHITE PLAINS,120-Day Approval,07/17/2026,07/24/2026,0.0,$0 reported,2,False,True
343260,COVA PRIVATE WEALTH LLC,                      .00,11,N,0,,,120-Day Approval,08/07/2026,07/10/2026,0.0,$0 reported,11,False,True
343278,COINAGE APP,                      .00,1,Y,1,,,Approved,08/27/2026,08/24/2026,0.0,$0 reported,1,True,True
343299,"THOREAU MANAGEMENT PARTNERS, LP",                      .00,6,N,0,,,120-Day Approval,07/22/2026,06/25/2026,0.0,$0 reported,6,False,True
343315,EMXETF,                      .00,6,Y,2,,,Approved,07/23/2026,06/26/2026,0.0,$0 reported,6,True,True
343318,RBG CAPITAL LLC,                      .00,1,Y,2,AZ,SCOTTSDALE,120-Day Approval,08/27/2026,08/13/2026,0.0,$0 reported,1,True,True
343350,"1977 WEALTH, LLC",                      .00,2,Y,1,FL,MIAMI,120-Day Approval,08/05/2026,08/18/2026,0.0,$0 reported,2,True,True
343367,ALDER CAPITAL,                      .00,2,Y,1,CA,SAN DIEGO,120-Day Approval,08/05/2026,08/24/2026,0.0,$0 reported,2,True,True
343369,"INGALLS INVESTMENT MANAGEMENT, LLC","         7,826,602,578.00",50,Y,7,NY,NEW YORK,Approved,08/21/1968,07/24/2026,7826602578.0,>$1B,50,True,False
343380,WRIGHT FINANCIAL,                      .00,1,N,0,MA,ROCKLAND,120-Day Approval,08/11/2026,08/14/2026,0.0,$0 reported,1,False,True
343402,TWIN BRIDGES ADVISORY,                      .00,1,Y,1,NY,NEW YORK,120-Day Approval,08/21/2026,08/02/2026,0.0,$0 reported,1,True,True
343407,"WESTMONT ADVISORY, LLC","           100,000,000.00",2,Y,1,TX,FLOWER MOUND,Approved,08/05/2026,07/10/2026,100000000.0,$100-500M,2,True,True
343428,MOMENTUM WEALTH MANAGEMENT,                      .00,21,Y,1,UT,OREM,120-Day Approval,08/27/2026,08/14/2026,0.0,$0 reported,21,True,True
343434,SUM ZERO WEALTH,                      .00,2,Y,1,FL,ST. PETERSBURG,120-Day Approval,08/07/2026,08/07/2026,0.0,$0 reported,2,True,True
343436,SOLID STATE WEALTH ADVISORY GROUP,                      .00,1,Y,1,,,120-Day Approval,08/26/2026,08/10/2026,0.0,$0 reported,1,True,True
343450,"TRIVERA WEALTH MANAGEMENT, LLC",                      .00,1,N,0,AZ,TUCSON,120-Day Approval,08/26/2026,08/12/2026,0.0,$0 reported,1,False,True
343469,CXL CAPITAL MANAGEMENT LLC,                      .00,1,N,0,,,120-Day Approval,08/20/2026,08/27/2026,0.0,$0 reported,1,False,True
343491,"FOSTER FINANCIAL SERVICES, LLC",                      .00,3,N,0,IN,FORT WAYNE,120-Day Approval,08/17/2026,08/17/2026,0.0,$0 reported,3,False,True
343503,"GENERATIONAL FINANCIAL PARTNERS, LLC",                      .00,9,N,0,GA,ATLANTA,120-Day Approval,08/10/2026,08/20/2026,0.0,$0 reported,9,False,True
343516,ALISIO CAPITAL PARTNERS LLC,                      .00,1,Y,1,,,Approved,08/07/2026,08/28/2026,0.0,$0 reported,1,True,True
343529,IRON HORSE ASSET MANAGEMENT LLC,                      .00,1,N,0,WI,NEENAH,120-Day Approval,08/14/2026,08/03/2026,0.0,$0 reported,1,False,True
343538,"WELTHY ADVISERS, LLC",                      .00,1,N,0,,,120-Day Approval,08/21/2026,08/19/2026,0.0,$0 reported,1,False,True
343551,"SCSC ADVISORS, LLC",                      .00,2,Y,1,CA,RANCHO SANTA FE,120-Day Approval,08/17/2026,07/31/2026,0.0,$0 reported,2,True,True
343555,"CROSSLIGHT GLOBAL INVESTMENT PARTNERS, LLC",                      .00,2,Y,1,,,120-Day Approval,08/14/2026,08/21/2026,0.0,$0 reported,2,True,True
343558,AMPLE WEALTH PARTNERS LLC,                      .00,1,Y,1,FL,ORLANDO,120-Day Approval,08/06/2026,08/14/2026,0.0,$0 reported,1,True,True
343559,TWENTY FOUR WEALTH,                      .00,31,Y,4,CT,DARIEN,120-Day Approval,08/14/2026,08/31/2026,0.0,$0 reported,31,True,True
343585,WEALTHRISE,                      .00,1,Y,1,,,120-Day Approval,08/14/2026,08/17/2026,0.0,$0 reported,1,True,True
343593,ETHOS INVESTMENT ADVISORY GROUP LLC,                      .00,2,N,0,FL,MIAMI,120-Day Approval,08/06/2026,08/13/2026,0.0,$0 reported,2,False,True
343623,"ASCENTIO CAPITAL, LP",                      .00,2,Y,1,NY,NEW YORK,120-Day Approval,08/27/2026,07/24/2026,0.0,$0 reported,2,True,True
343646,WATCH HILL FINANCIAL INC,                      .00,2,Y,1,VA,RICHMOND,120-Day Approval,08/26/2026,08/06/2026,0.0,$0 reported,2,True,True
343681,"PEAK NINE CAPITAL ADVISORS, LLC",                      .00,5,N,0,FL,NAPLES,120-Day Approval,08/27/2026,08/04/2026,0.0,$0 reported,5,False,True
343684,"RIDGE ROAD WEALTH MANAGEMENT, LLC",                      .00,3,Y,1,LA,NEW ORLEANS,120-Day Approval,08/27/2026,08/27/2026,0.0,$0 reported,3,True,True
343698,SAVLAN WEALTH PARTNERS,                      .00,11,Y,8,NY,NEW CITY,120-Day Approval,08/21/2026,08/10/2026,0.0,$0 reported,11,True,True
343757,AUTHENTIC WEALTH PARTNERS LLC,                      .00,1,Y,2,VA,CULPEPER,120-Day Approval,08/27/2026,07/28/2026,0.0,$0 reported,1,True,True
343784,NAVIAN INVESTMENT MANAGEMENT,                      .00,4,N,0,OH,CINCINNATI,120-Day Approval,08/24/2026,07/31/2026,0.0,$0 reported,4,False,True
343811,ALDEBARAN CAPITAL,                      .00,1,Y,1,NY,BROOKLYN,120-Day Approval,08/27/2026,08/28/2026,0.0,$0 reported,1,True,True
333720,TUCKER'S FARM,"           216,965,048.00",12,Y,2,,,Approved,06/26/2026,07/30/2026,216965048.0,$100-500M,12,True,True
340456,VT PARTNERS AG,                      .00,4,Y,1,,"FREIENBACH, SCHWYZ",Approved,06/08/2026,06/01/2026,0.0,$0 reported,4,True,True
328384,AG DILLON ASSET MANAGEMENT LP,"           262,003,096.00",1,Y,5,NY,NEW YORK,Approved,05/07/2026,06/05/2026,262003096.0,$100-500M,1,True,True
331606,QUAD INVESTMENT MANAGEMENT CORP.,"         2,623,829,206.00",45,Y,1,,"SEOUL, YEONGDEUNGPO-GU",Approved,11/21/2025,03/12/2026,2623829206.0,>$1B,45,True,True
343021,MAN ADVISERS LLC,                      .00,8,Y,1,MA,BOSTON,Approved,07/09/2026,07/27/2026,0.0,$0 reported,8,True,True
326505,"CONSORTIUM BRAND PARTNERS, LLC","           180,532,057.00",4,Y,2,,,Approved,08/01/2025,06/24/2026,180532057.0,$100-500M,4,True,True
340275,JUBARTE ASSET MANAGEMENT LTDA.,"            57,000,000.00",8,Y,2,,"SAO PAULO, SAO PAULO",Approved,08/14/2026,07/15/2026,57000000.0,$25-100M,8,True,True
140891,GUINNESS GLOBAL INVESTORS,"        11,429,092,863.00",81,Y,6,,LONDON,Approved,01/13/2026,12/14/2025,11429092863.0,>$1B,81,True,True
340756,MESARETE CAPITAL (US) LLC,                      .00,4,N,0,,LONDON,Approved,03/26/2026,06/11/2026,0.0,$0 reported,4,False,True
337355,WINGMAN GROWTH PARTNERS,"           167,230,032.00",7,Y,7,CT,GREENWICH,Approved,08/05/2026,06/29/2026,167230032.0,$100-500M,7,True,True
148790,POLERO ICE ADVISERS,"           106,028,000.00",1,Y,1,,,Approved,02/23/2026,02/19/2026,106028000.0,$100-500M,1,True,True
338081,"V29 CAPITAL MANAGEMENT, LLC","           166,056,487.00",2,Y,4,,,Approved,09/22/2025,03/27/2026,166056487.0,$100-500M,2,True,True
334955,ACASTA PARTNERS UK LLP,"            51,772,924.00",33,Y,2,,LONDON,Approved,08/12/2025,06/29/2026,51772924.0,$25-100M,33,True,True
335727,NEW WEST ASSET MANAGEMENT,"            12,500,000.00",1,Y,1,,,Approved,09/24/2025,03/23/2026,12500000.0,<$25M,1,True,True
331819,PAMALICAN ASSET MANAGEMENT LIMITED,"            50,000,000.00",6,Y,2,,HONG KONG,Approved,01/02/2026,07/27/2026,50000000.0,$25-100M,6,True,True
285690,QUAERO CAPITAL SA,"         3,207,794,098.00",39,Y,2,,GENEVA,Approved,08/27/2026,08/25/2026,3207794098.0,>$1B,39,True,True
339382,GOLDEN SPARK INSIGHTS,"           400,000,000.00",1,Y,1,VA,FAIRFAX,Approved,03/20/2026,03/19/2026,400000000.0,$100-500M,1,True,True
343298,"OPTOS REAL ESTATE CREDIT, LLC",                      .00,8,N,0,NY,NEW YORK,120-Day Approval,07/20/2026,07/01/2026,0.0,$0 reported,8,False,True
137537,"TRELLUS MANAGEMENT COMPANY, LLC","           156,327,954.00",5,N,0,FL,DELRAY BEACH,Approved,05/28/2026,04/28/2026,156327954.0,$100-500M,5,False,True
334751,SOUTHEAST CAPITAL MANAGEMENT LTD,                      .00,1,N,0,,,Approved,09/29/2025,10/07/2025,0.0,$0 reported,1,False,True
340061,GUEPARDO INVESTIMENTOS LTDA,"             4,933,896.00",11,Y,1,,"S�O PAULO,SP",Approved,03/23/2026,03/20/2026,4933896.0,<$25M,11,True,True
330557,GRAPHENE CAPITAL MANAGEMENT LP,"           238,100,000.00",9,Y,2,NY,NEW YORK,Approved,04/24/2026,03/27/2026,238100000.0,$100-500M,9,True,True
339199,GOLDSTANDARD WEALTH,"            64,584,467.00",29,Y,5,,MUMBAI,Approved,05/08/2026,05/07/2026,64584467.0,$25-100M,29,True,True
342578,PROSHARE INVESTMENT MANAGEMENT LLC,                      .00,5,N,0,MD,BETHESDA,Approved,06/08/2026,08/31/2026,0.0,$0 reported,5,False,True
331899,HOVER4PI CAPITAL MANAGEMENT LIMITED,"           209,889,475.00",6,N,0,,HONG KONG,Approved,08/08/2025,05/11/2026,209889475.0,$100-500M,6,False,True
288889,SABRE ASSET MANAGEMENT LLC,"           127,339,006.00",2,Y,1,OH,PEPPER PIKE,Approved,08/05/2026,07/01/2026,127339006.0,$100-500M,2,True,True
335337,AQUAMARINE FINANCIAL (CAYMAN) LTD,"         5,761,492,014.00",5,Y,1,,GRAND CAYMAN,Approved,08/19/2026,06/03/2026,5761492014.0,>$1B,5,True,True
337385,CARRHAE CAPITAL (DIFC) LIMITED,"         6,079,358,063.00",8,Y,2,,DUBAI,Approved,09/29/2025,08/11/2026,6079358063.0,>$1B,8,True,True
339997,ARKA CAPITAL A.M. LTD,"           263,809,998.00",1,N,0,,,Approved,04/24/2026,07/23/2026,263809998.0,$100-500M,1,False,True
337695,NEW HOLLAND TRADING LLC,"           550,000,000.00",16,Y,1,NY,NEW YORK,Approved,09/22/2025,06/16/2026,550000000.0,$500M-1B,16,True,True
335906,CSR CAPITAL,"           268,700,000.00",8,N,0,TX,DALLAS,Approved,08/05/2026,07/28/2026,268700000.0,$100-500M,8,False,True
330069,POP VENTURE ADVISERS LLC,                      .00,1,N,0,IL,CHICAGO,Approved,01/12/2026,08/24/2026,0.0,$0 reported,1,False,True
336814,PRIMARY,                      .00,1,Y,3,,NEW SOUTH WALES,Approved,08/06/2025,03/19/2026,0.0,$0 reported,1,True,True
335631,"CATCHMENT CAPITAL, L.P.","           147,710,000.00",8,Y,2,NY,NEW YORK,Approved,09/17/2025,08/25/2026,147710000.0,$100-500M,8,True,True
342500,CCAVENTUS GLOBAL CREDIT MANAGEMENT LLC,                      .00,11,N,0,NY,NEW YORK,120-Day Approval,06/18/2026,05/18/2026,0.0,$0 reported,11,False,True
342301,COMMUNITY CAPITAL ADVISORS LLC,                      .00,4,Y,2,NY,NEW YORK,120-Day Approval,07/17/2026,07/02/2026,0.0,$0 reported,4,True,True
338745,OLD BARN CAPITAL LLC,"           136,558,770.00",1,Y,1,,,Approved,12/08/2025,08/13/2026,136558770.0,$100-500M,1,True,True
342273,APT WEALTH USA PTY LTD,                      .00,6,Y,4,,"SYDNEY, NEW SOUTH WALES",Approved,06/17/2026,06/05/2026,0.0,$0 reported,6,True,True
321913,"RLH CAPITAL, LLC","           196,805,686.00",1,Y,1,,,Approved,03/27/2026,05/04/2026,196805686.0,$100-500M,1,True,True
312017,"WELLSPRING GBL, LLC","           300,457,407.00",6,Y,1,NY,NEW YORK,Approved,07/07/2026,06/05/2026,300457407.0,$100-500M,6,True,True
335545,PERTENTO ADVISORS LLC,"         4,767,461,043.00",4,Y,2,,,Approved,08/28/2025,03/31/2026,4767461043.0,>$1B,4,True,True
339512,"CONSTITUTION CAPITAL HORIZON ADVISOR, LP",                      .00,68,Y,2,MA,ANDOVER,120-Day Approval,08/27/2026,07/27/2026,0.0,$0 reported,68,True,True
332188,SHIKHARA CAPITAL (HONG KONG) PRIVATE LIMITED (COMPANY),"               164,277.00",9,Y,2,,HONG KONG,Approved,03/09/2026,07/30/2026,164277.0,<$25M,9,True,True
310492,NORDFLINT CAPITAL PARTNERS,"         2,392,240,217.00",9,Y,2,,COPENHAGEN,Approved,09/19/2025,04/15/2026,2392240217.0,>$1B,9,True,True
315859,SECURITIZE CAPITAL LLC,"           530,192,153.00",2,Y,3,FL,MIAMI,Approved,07/22/2026,07/16/2026,530192153.0,$500M-1B,2,True,True
340095,REINOVA CAPITAL ADVISORS LLC,"           175,000,000.00",4,Y,2,CT,GREENWICH,Approved,03/09/2026,06/24/2026,175000000.0,$100-500M,4,True,True
342658,ARCHIV CAPITAL MANAGEMENT LP,                      .00,4,N,0,,,120-Day Approval,06/17/2026,07/30/2026,0.0,$0 reported,4,False,True
326297,VIOLA CREDIT PARTNERS MANAGEMENT LIMITED PARTNERSHIP,"         1,997,003,526.00",41,Y,3,,TEL AVIV,Approved,08/28/2025,05/04/2026,1997003526.0,>$1B,41,True,True
336462,"IRONARC MANAGEMENT, LLC","           834,087,168.00",8,Y,2,TX,AUSTIN,Approved,08/14/2025,03/30/2026,834087168.0,$500M-1B,8,True,True
331645,"SUMMATION CAPITAL MANAGEMENT, L.P.","           160,555,496.00",4,Y,2,NY,NEW YORK,Approved,03/11/2026,03/04/2026,160555496.0,$100-500M,4,True,True
339617,AVICENE,"           256,486,554.00",5,Y,1,NY,NEW YORK,Approved,12/16/2025,03/25/2026,256486554.0,$100-500M,5,True,True
331222,ACCESS VENTURES,"         1,879,269,085.00",8,Y,2,NY,NEW YORK,Approved,08/06/2026,07/15/2026,1879269085.0,>$1B,8,True,True
327997,KONEKTIS CAPITAL,"           149,828,945.00",3,N,0,NY,NEW YORK,Approved,08/05/2026,06/30/2026,149828945.0,$100-500M,3,False,True
308394,MEDICI CAPITAL LLC,"           215,842,119.00",2,Y,22,CA,NEWPORT BEACH,Approved,05/01/2026,07/15/2026,215842119.0,$100-500M,2,True,True
326807,ROUND2 INVESTMENT PARTNERS LLC,"           196,370,862.00",6,Y,2,NY,NEW YORK,Approved,08/05/2026,07/13/2026,196370862.0,$100-500M,6,True,True
338965,"DEVELOP CAPITAL PARTNERS, LP.","           940,000,000.00",4,Y,1,NY,PITTSFORD,Approved,02/13/2026,01/28/2026,940000000.0,$500M-1B,4,True,True
336707,A-STREET MANAGEMENT LP,"           529,972,445.00",8,Y,2,,,Approved,11/20/2025,03/16/2026,529972445.0,$500M-1B,8,True,True
338898,RAVENSTONE CAPITAL MANAGEMENT INC.,"           370,890,873.00",5,Y,2,,"TORONTO, ONTARIO",Approved,07/22/2026,06/25/2026,370890873.0,$100-500M,5,True,True
322300,"WINCHESTER ASSET MANAGEMENT, LLC","           154,039,490.00",2,Y,1,IL,CHICAGO,Approved,04/29/2026,03/30/2026,154039490.0,$100-500M,2,True,True
341804,"CHARLTON MANAGEMENT, LLC",                      .00,2,N,0,MI,CLAWSON,120-Day Approval,08/05/2026,07/29/2026,0.0,$0 reported,2,False,True
337282,EMERGING CAPITAL PARTNERS,"           836,563,608.00",6,Y,2,DC,WASHINGTON,Approved,12/03/2025,03/31/2026,836563608.0,$500M-1B,6,True,True
335760,GREEN HORIZON PARTNERS CAPITAL LLC,"           159,589,409.00",2,N,0,,,Approved,07/08/2026,06/05/2026,159589409.0,$100-500M,2,False,True
338664,"SHARPE ADVISORS, LLC",                      .00,2,N,0,NY,NEW YORK,120-Day Approval,05/20/2026,05/19/2026,0.0,$0 reported,2,False,True
342499,"ROCKFORD TOWER ASSET MANAGEMENT, L.L.C.",                      .00,247,Y,4,NY,NEW YORK,Approved,05/29/2026,05/14/2026,0.0,$0 reported,247,True,True
335005,ACASTA PARTNERS US LLC,"         4,722,407,248.00",4,Y,2,FL,BOCA RATON,Approved,08/12/2025,02/12/2026,4722407248.0,>$1B,4,True,True
298114,ARDINALL INVESTMENT MANAGEMENT LP,"            28,529,445.00",3,Y,3,NY,NEW YORK,Approved,12/09/2025,08/10/2026,28529445.0,$25-100M,3,True,True
343216,NEOSTELLAR ADVISORS LLC,"           433,266,156.00",9,N,0,NY,NEW YORK,Approved,07/15/2026,06/18/2026,433266156.0,$100-500M,9,False,True
341357,"VANGUARD ALTERNATIVE ASSETS ADVISER, LLC",                      .00,47,N,0,PA,MALVERN,Approved,04/22/2026,07/17/2026,0.0,$0 reported,47,False,True
334122,"ZENIT WEALTH ADVISORS, INC.",                      .00,3,Y,1,,"PIANTINI, SANTO DOMINGO",Approved,09/29/2025,03/02/2026,0.0,$0 reported,3,True,True
343189,WORLDLINE CAPITAL PTE. LTD.,"            24,080,000.00",4,Y,1,,HONG KONG,Approved,08/24/2026,08/06/2026,24080000.0,<$25M,4,True,True
341220,ALERA MANAGEMENT PARTNERS,                      .00,2,Y,4,,BUENOS AIRES,Approved,04/13/2026,06/19/2026,0.0,$0 reported,2,True,True
342284,KALEIDO CAPITAL PARTNERS LIMITED,                      .00,6,Y,2,,HONG KONG,120-Day Approval,05/29/2026,04/29/2026,0.0,$0 reported,6,True,True
330340,HARWOOD PRIVATE EQUITY LLP,"            52,870,206.00",8,Y,1,,LONDON,Approved,01/20/2026,01/19/2026,52870206.0,$25-100M,8,True,True
161187,INFRARED CAPITAL PARTNERS LIMITED,"        14,299,554,516.00",148,Y,2,,LONDON,Approved,01/08/2026,05/29/2026,14299554516.0,>$1B,148,True,True
322761,"MILLENNIA GLOBAL INVESTORS, LLC","           515,959,202.00",6,Y,2,NY,NEW YORK,Approved,06/23/2026,05/20/2026,515959202.0,$500M-1B,6,True,True
338285,PELICAN CAPITAL MANAGEMENT LLC,"           347,837,722.00",2,N,0,,,Approved,08/14/2026,08/24/2026,347837722.0,$100-500M,2,False,True
336051,MOSAIC CAPITAL INC.,"            75,000,000.00",4,Y,1,,"GEORGE TOWN, GRAND CAYMAN",Approved,11/18/2025,07/15/2026,75000000.0,$25-100M,4,True,True
337285,TAGES CAPITAL LLP,"         3,851,926,127.00",40,Y,2,,LONDON,Approved,08/04/2025,03/30/2026,3851926127.0,>$1B,40,True,True
338348,AUREON MANAGEMENT LLC,"           481,028,320.00",7,N,0,NY,NEW YORK,Approved,12/15/2025,03/11/2026,481028320.0,$100-500M,7,False,True
343123,GSP FINANCIAL,                      .00,3,Y,1,,,Approved,08/14/2026,08/17/2026,0.0,$0 reported,3,True,True
323018,"DAVERN CAPITAL PARTNERS, LP","           715,076,699.00",4,Y,2,NY,NEW YORK,Approved,08/11/2025,03/27/2026,715076699.0,$500M-1B,4,True,True
335630,EDGEWORTH CAPITAL PTY LTD,"           330,940,000.00",4,Y,2,,"BONDI JUNCTION, NEW SOUTH WALES",Approved,04/27/2026,03/27/2026,330940000.0,$100-500M,4,True,True
338780,"RAIL SPLITTER CAPITAL ADVISERS, LLC","            60,956,884.00",3,Y,1,IL,CHICAGO,Approved,01/21/2026,03/30/2026,60956884.0,$25-100M,3,True,True
342245,MERAKI CAPITAL PARTNERS LP,                      .00,5,Y,2,NY,NEW YORK,120-Day Approval,05/21/2026,08/26/2026,0.0,$0 reported,5,True,True
333602,"FOUR LION CAPITAL, LP","           143,246,081.00",1,Y,2,NY,NEW YORK,Approved,11/19/2025,05/18/2026,143246081.0,$100-500M,1,True,True
334534,WELARA,"            83,747,489.00",13,Y,10,NY,NEW YORK,Approved,09/29/2025,08/28/2026,83747489.0,$25-100M,13,True,True
337788,LIFE CYCLE INVESTMENT PARTNERS LIMITED,"        17,298,902,759.00",13,Y,2,,LONDON,Approved,12/08/2025,12/09/2025,17298902759.0,>$1B,13,True,True
342386,EF PORTFOLIO,                      .00,2,Y,1,CA,SACRAMENTO,120-Day Approval,05/29/2026,05/19/2026,0.0,$0 reported,2,True,True
342699,VOXEL CAPITAL PARTNERS LP,                      .00,4,Y,2,NY,NEW YORK,120-Day Approval,07/16/2026,06/15/2026,0.0,$0 reported,4,True,True
338881,"HAMILTON SQUARE PARTNERS MANAGEMENT, LP","           319,290,000.00",5,Y,2,NY,NEW YORK,Approved,02/27/2026,05/14/2026,319290000.0,$100-500M,5,True,True
337297,PILOTAI WEALTH,                      .00,2,Y,1,FL,MIAMI,120-Day Approval,06/25/2026,05/27/2026,0.0,$0 reported,2,True,True
318571,KRYGER CAPITAL LLC,"         1,425,976,421.00",4,Y,2,,HAMILTON,Approved,03/12/2026,02/23/2026,1425976421.0,>$1B,4,True,True
289996,"ENGAGE WEALTH ADVISORS, LLC","           112,114,154.00",5,Y,1,KS,OVERLAND PARK,Approved,08/27/2026,08/25/2026,112114154.0,$100-500M,5,True,True
337457,CHANAKYA CAPITAL PARTNERS IFSC LLP,"            18,999,228.00",4,N,0,,"GANDHINAGAR, GUJARAT",Approved,08/22/2025,06/29/2026,18999228.0,<$25M,4,False,True
339686,JONES HILL CAPITAL LP,"           642,420,587.00",8,Y,1,NY,NEW YORK,Approved,01/06/2026,05/06/2026,642420587.0,$500M-1B,8,True,True
338038,PASCAL INVESTMENT ADVISERS SA,"           874,318,479.00",7,Y,2,,NYON,Approved,12/09/2025,04/16/2026,874318479.0,$500M-1B,7,True,True
340280,"AJAX HEALTH MANAGEMENT COMPANY, LLC","           214,502,129.00",19,Y,3,CA,MENLO PARK,Approved,03/27/2026,07/23/2026,214502129.0,$100-500M,19,True,True
139618,PASQUA WEALTH SOLUTIONS,"           129,719,815.00",3,Y,1,FL,PALM CITY,Approved,02/11/2026,02/10/2026,129719815.0,$100-500M,3,True,True
325633,H SQUARED MANAGEMENT LP,"           151,858,297.00",5,N,0,NY,NEW YORK,Approved,07/17/2026,07/06/2026,151858297.0,$100-500M,5,False,True
342324,BEARBULL INVESTMENTS,                      .00,4,N,0,,DUBLIN 2,Approved,07/02/2026,06/04/2026,0.0,$0 reported,4,False,True
340312,HAVERSTOCK CAPITAL LLP,"           139,609,558.00",5,Y,2,,LONDON,Approved,03/30/2026,08/28/2026,139609558.0,$100-500M,5,True,True
331983,"ARC24 MANAGEMENT, LP","           179,656,661.00",4,Y,1,NY,NEW YORK,Approved,11/14/2025,03/27/2026,179656661.0,$100-500M,4,True,True
337734,WEST HORIZON CAPITAL,"           282,757,021.00",4,Y,2,NJ,PRINCETON,Approved,11/14/2025,02/18/2026,282757021.0,$100-500M,4,True,True
338335,GUIDESTONE INVESTMENT SERVICES,"         3,906,919,547.00",28,Y,1,TX,DALLAS,Approved,11/18/2025,03/31/2026,3906919547.0,>$1B,28,True,True
338758,HONESTLY FINANCIAL LLC,                      .00,1,Y,2,,"VANCOUVER, BRITISH COLUMBIA",Approved,11/19/2025,02/18/2026,0.0,$0 reported,1,True,True
342249,AMBER ROAD INVESTORS LP,                      .00,1,Y,2,NY,NEW YORK,120-Day Approval,06/09/2026,05/07/2026,0.0,$0 reported,1,True,True
314033,"IG BETTER FUTURE MANAGEMENT, LLC","           128,285,698.00",8,Y,5,CA,MENLO PARK,Approved,04/29/2026,04/10/2026,128285698.0,$100-500M,8,True,True
124999,"PRIVATE LANE CAPITAL, LLC","           144,086,780.00",1,Y,1,,,Approved,06/08/2026,06/01/2026,144086780.0,$100-500M,1,True,True
338003,"VANGUARD PORTFOLIO MANAGEMENT, LLC","     2,656,483,509,980.00",105,N,0,PA,MALVERN,Approved,11/19/2025,07/17/2026,2656483509980.0,>$1B,105,False,True
329927,VALLIANCE ASSET MANAGEMENT LLC,"           122,969,712.00",1,Y,1,NY,NEW YORK,Approved,03/06/2026,04/24/2026,122969712.0,$100-500M,1,True,True
318007,SILVER ROCK CAPITAL PARTNERS,"         6,827,751,986.00",15,Y,1,NY,NEW YORK,Approved,01/02/2026,03/11/2026,6827751986.0,>$1B,15,True,True
337563,VERECAN ASSET MANAGEMENT INC.,"             2,658,058.00",39,Y,7,,"HALIFAX, NOVA SCOTIA",Approved,08/26/2025,03/30/2026,2658058.0,<$25M,39,True,True
342947,HEADWAY WEALTH,"           301,000,035.00",17,Y,3,,DURHAM,Approved,07/23/2026,06/25/2026,301000035.0,$100-500M,17,True,True
338152,"POWERLAW FUND ADVISER, LLC","           496,250,169.00",14,Y,1,CA,SAN FRANCISCO,Approved,09/08/2025,04/30/2026,496250169.0,$100-500M,14,True,True
175226,PUISSANCE CAPITAL MANAGEMENT LP,"            45,000,000.00",2,Y,1,,,Approved,02/17/2026,01/13/2026,45000000.0,$25-100M,2,True,True
337787,"BARK SECURITIES, LLC",                      .00,1,Y,1,CA,SAN FRANCISCO,120-Day Approval,08/04/2025,07/24/2025,0.0,$0 reported,1,True,True
334678,CIBRA CAPITAL LLC,"           263,000,000.00",3,N,0,,,Approved,02/17/2026,06/12/2026,263000000.0,$100-500M,3,False,True
338393,"SPARX ASSET MANAGEMENT KOREA CO., LTD.","         2,126,181,370.00",23,Y,1,,SEOUL,Approved,01/02/2026,06/29/2026,2126181370.0,>$1B,23,True,True
330587,AFRICA MUTUAL GLOBAL INVESTMENT MANAGEMENT INC,                      .00,2,N,0,,ACCRA,Approved,12/03/2025,03/25/2026,0.0,$0 reported,2,False,True
341821,VANTHEON,                      .00,8,Y,5,TX,AUSTIN,120-Day Approval,08/27/2026,08/26/2026,0.0,$0 reported,8,True,True
339423,TIMEFOLIO ASSET MANAGEMENT SINGAPORE PTE. LTD.,"           965,864,841.00",11,Y,1,,"SINGAPORE, SINGAPORE",Approved,04/17/2026,03/18/2026,965864841.0,$500M-1B,11,True,True
316617,MIC CAPITAL MANAGEMENT UK LLP,"        36,795,816,965.00",236,Y,4,,LONDON,Approved,02/12/2026,07/15/2026,36795816965.0,>$1B,236,True,True
337916,AR�NE CAPITAL MANAGEMENT LP,"            49,050,614.00",6,Y,2,NY,NEW YORK,Approved,04/22/2026,08/20/2026,49050614.0,$25-100M,6,True,True
338512,ACTIVEALPHA INVESTMENT ADVISORS,"             1,070,000.00",8,Y,2,,"MUMBAI, MAHARASHTRA",Approved,12/05/2025,08/31/2026,1070000.0,<$25M,8,True,True
339697,"RIVERWEST INVESTMENT MANAGEMENT, LLC","           254,102,933.00",3,Y,1,NY,NEW YORK,Approved,01/20/2026,05/19/2026,254102933.0,$100-500M,3,True,True
290938,"56 CAPITAL PARTNERS, LTD","           113,310,000.00",3,Y,7,CO,COLORADO SPRINGS,Approved,07/14/2026,06/12/2026,113310000.0,$100-500M,3,True,True
341175,KRISTAL.AI,"         1,269,350,088.00",20,Y,5,,SINGAPORE,Approved,05/13/2026,04/13/2026,1269350088.0,>$1B,20,True,True
339845,SC ASESORES EN INVERSIONES INDEPENDIENTES SA DE CV,"           553,392,757.00",6,Y,1,,MEXICO CITY,Approved,03/26/2026,06/02/2026,553392757.0,$500M-1B,6,True,True
339115,ROVIA ADVISORS LLC,                      .00,2,Y,2,,"BANGALORE, KAMATAKA",Approved,12/03/2025,01/27/2026,0.0,$0 reported,2,True,True
339026,NX1 CAPITAL LP,"         2,864,971,203.00",29,N,0,NY,NEW YORK,Approved,11/14/2025,03/13/2026,2864971203.0,>$1B,29,False,True
343279,MERCOR INVESTMENT,                      .00,1,N,0,,"SAN ANDRES CHOLULA, PUEBLA",Approved,08/14/2026,08/13/2026,0.0,$0 reported,1,False,True
315222,PERPETUA,"         1,672,539,289.00",24,Y,3,,"CAPE TOWN, WESTERN CAPE",Approved,02/04/2026,05/26/2026,1672539289.0,>$1B,24,True,True
337895,"AVANTYR CAPITAL PARTNERS, LP","         3,270,033,954.00",22,Y,2,NY,NEW YORK,Approved,08/25/2025,03/30/2026,3270033954.0,>$1B,22,True,True
333428,SYGNUS CAPITAL LIMTED,"            67,000,000.00",4,Y,3,,KINGSTON 5,Approved,11/17/2025,03/26/2026,67000000.0,$25-100M,4,True,True
161048,VULPES INVESTMENT MANAGEMENT PRIVATE LIMITED,"            96,531,722.00",8,Y,1,,SINGAPORE,Approved,12/16/2025,03/30/2026,96531722.0,$25-100M,8,True,True
321985,INVESTX ASSET MANAGEMENT LLC,"           206,754,903.00",18,Y,3,NY,NEW YORK,Approved,08/06/2026,06/30/2026,206754903.0,$100-500M,18,True,True
336474,RISCURA SOLUTIONS (UK) LIMITED,                      .00,4,Y,1,,LONDON,Approved,09/22/2025,08/27/2025,0.0,$0 reported,4,True,True
157717,"INVESTMENT & TAX STRATEGIES, INC.","           118,000,000.00",1,N,0,,,Approved,02/04/2026,02/04/2026,118000000.0,$100-500M,1,False,True
338912,ROUTEBURN CAPITAL,"           175,801,888.00",2,N,0,,,Approved,11/20/2025,03/06/2026,175801888.0,$100-500M,2,False,True
336165,"MCD-KISSNER GP, LLC","         1,017,618,502.00",5,N,0,KS,OVERLAND PARK,Approved,03/02/2026,03/25/2026,1017618502.0,>$1B,5,False,True
343004,FUTURECORP ASSET MANAGEMENT,                      .00,3,Y,1,,,120-Day Approval,07/06/2026,06/30/2026,0.0,$0 reported,3,True,True
336469,JEFFERIES CREDIT PARTNERS EUROPE LIMITED,"           345,904,953.00",12,N,0,,LONDON,Approved,08/26/2025,03/31/2026,345904953.0,$100-500M,12,False,True
336308,BLANTYRE CAPITAL US LLC,"           101,568,180.00",8,Y,2,NY,NEW YORK,Approved,11/19/2025,05/14/2026,101568180.0,$100-500M,8,True,True
329963,SHIKHARA INVESTMENT MANAGEMENT LP,"           226,929,323.00",4,Y,2,NY,NEW YORK,Approved,06/12/2026,07/31/2026,226929323.0,$100-500M,4,True,True
338431,CHURCHILL NCPE ADVISOR LLC,"           259,466,592.00",206,Y,2,NY,NEW YORK,Approved,09/30/2025,04/01/2026,259466592.0,$100-500M,206,True,True
300271,ETORO USA ADVISERS INC.,                      .00,3,Y,1,NJ,HOBOKEN,120-Day Approval,08/05/2026,07/22/2026,0.0,$0 reported,3,True,True
322529,"CYPRESS RIDGE CAPITAL, L.P.","           194,091,880.00",6,Y,2,NY,NEW YORK,Approved,08/06/2026,07/28/2026,194091880.0,$100-500M,6,True,True
340927,FOURNORTH CAPITAL LLC,"           117,675,100.00",3,N,0,PA,WEST CONSHOHOCKEN,120-Day Approval,04/01/2026,07/29/2026,117675100.0,$100-500M,3,False,True
339944,CLEAN ENERGY TRANSITION INTERNATIONAL S.A.M.,"         3,218,041,785.00",2,Y,2,,"MONACO, MONACO",Approved,03/06/2026,06/24/2026,3218041785.0,>$1B,2,True,True
332943,"LEGEIS CAPITAL ADVISORS, LLC","           497,365,902.00",1,Y,3,NY,GREAT NECK,Approved,04/30/2026,04/07/2026,497365902.0,$100-500M,1,True,True
291649,"SANDHILL WEALTH MANAGEMENT, INC.","           118,476,224.00",2,Y,5,FL,WINTER PARK,Approved,03/06/2026,03/27/2026,118476224.0,$100-500M,2,True,True
341728,KYNANCE COVE CAPITAL LLP,"           365,000,000.00",8,N,0,,LONDON,Approved,05/18/2026,08/25/2026,365000000.0,$100-500M,8,False,True
334848,TORMA CAPITAL LLP,"            62,115,148.00",5,Y,2,,LONDON,Approved,11/14/2025,05/20/2026,62115148.0,$25-100M,5,True,True
340206,GRAVITALIX FINANCIAL,"           395,184,367.00",2,N,0,FL,CORAL SPRINGS,Approved,02/04/2026,07/29/2026,395184367.0,$100-500M,2,False,True
342452,CAMBWICK US LLC,                      .00,3,N,0,,,120-Day Approval,07/17/2026,06/18/2026,0.0,$0 reported,3,False,True
342079,RAIJIN AI,                      .00,2,Y,1,NY,BROOKLYN,Approved,05/14/2026,06/24/2026,0.0,$0 reported,2,True,True
339709,GENSEN ASSET MANAGEMENT INC.,"            75,000,000.00",3,Y,1,,,Approved,01/16/2026,02/04/2026,75000000.0,$25-100M,3,True,True
342263,ASTRAVIA FAMILY WEALTH OFFICE LLC,                      .00,5,N,0,CA,EL SEGUNDO,120-Day Approval,07/21/2026,06/19/2026,0.0,$0 reported,5,False,True
340302,REMEDIUM CAPITAL PARTNERS,"           319,000,000.00",1,Y,1,FL,WEST PALM BEACH,Approved,05/26/2026,08/20/2026,319000000.0,$100-500M,1,True,True
330008,COTULLA HOLDINGS LLC,"           432,500,000.00",2,N,0,,,Approved,07/23/2026,06/26/2026,432500000.0,$100-500M,2,False,True
151058,"MONTELLO WEALTH MANAGEMENT, INC.","           108,420,000.00",1,N,0,FL,PALM BEACH GARDENS,Approved,06/26/2026,06/25/2026,108420000.0,$100-500M,1,False,True
300402,ENTREPRENEUR FIRST INVESTMENT MANAGER LLP,"           890,879,849.00",9,Y,9,,LONDON,Approved,01/02/2026,06/29/2026,890879849.0,$500M-1B,9,True,True
338002,"VANGUARD CAPITAL MANAGEMENT, LLC","     8,436,181,597,982.00",235,N,0,PA,MALVERN,Approved,11/17/2025,07/17/2026,8436181597982.0,>$1B,235,False,True
333688,KHAVEEN INVESTMENTS,"             8,700,000.00",3,Y,3,,"KUALA LUMPUR, WILAYAH PERSEKETUAN",Approved,09/29/2025,03/23/2026,8700000.0,<$25M,3,True,True
340012,PORTAGE WEALTH INC,"           202,000,000.00",13,Y,1,,OAKVILLE,Approved,02/17/2026,05/01/2026,202000000.0,$100-500M,13,True,True
329673,WINFOREST PARTNERS,"           201,426,485.00",5,Y,2,,,Approved,07/23/2026,06/26/2026,201426485.0,$100-500M,5,True,True
336473,NANTAS,                      .00,3,Y,3,,"MONTEVIDEO, MONTEVIDEO",Approved,03/16/2026,04/13/2026,0.0,$0 reported,3,True,True
335212,KARMA CAPITAL ADVISORS PVT LTD.,"           632,506,121.00",22,Y,1,,"MUMBAI, MAHARASHTRA",Approved,08/29/2025,06/29/2026,632506121.0,$500M-1B,22,True,True
343136,BRITE AVENUE CAPITAL LP,                      .00,3,N,0,NY,SCARSDALE,120-Day Approval,08/05/2026,07/16/2026,0.0,$0 reported,3,False,True
336712,M SQUARE INVESTIMENTOS LTDA.,"         2,251,538,613.00",22,Y,2,,SAO PAULO,Approved,08/04/2025,03/31/2026,2251538613.0,>$1B,22,True,True
334365,"POINT 41 CAPITAL PARTNERS, L.P.","           562,851,645.00",11,Y,2,CT,COS COB,Approved,07/23/2026,06/26/2026,562851645.0,$500M-1B,11,True,True
333601,154 PARTNERS INVESTMENT MANAGEMENT LLC,"           438,052,328.00",13,Y,2,NY,NEW YORK,Approved,08/05/2026,07/15/2026,438052328.0,$100-500M,13,True,True
312190,"ESSENTIA FUND ADVISORS, LLC","           173,393,140.00",3,Y,2,,,Approved,07/06/2026,06/08/2026,173393140.0,$100-500M,3,True,True
316669,OVATA CAPITAL MANAGEMENT LLC,"           441,900,000.00",5,Y,2,,HONG KONG,Approved,03/30/2026,03/26/2026,441900000.0,$100-500M,5,True,True
338138,AMALIA PARTNER AG,                      .00,2,Y,2,,ZURICH,Approved,01/09/2026,01/31/2026,0.0,$0 reported,2,True,True
160509,"EMPIRICAL CAPITAL MANAGEMENT, LLC","           152,663,331.00",4,Y,1,TN,HENDERSONVILLE,Approved,06/15/2026,07/30/2026,152663331.0,$100-500M,4,True,True
342346,UDY ROAD HOLDINGS,                      .00,5,Y,2,NY,NEW YORK,120-Day Approval,08/05/2026,06/29/2026,0.0,$0 reported,5,True,True
340055,JUNGLE ROCK CAPITAL,                      .00,2,Y,2,,LONDON,Approved,06/22/2026,05/20/2026,0.0,$0 reported,2,True,True
339970,PLATO PLANNING,                      .00,1,Y,4,,,Approved,03/03/2026,02/20/2026,0.0,$0 reported,1,True,True
331588,ASESORDEINVERSIONES.COM LTD,"             1,257,576.00",2,Y,4,,"ROAD TOWN, TORTOLA",Approved,09/12/2025,01/08/2026,1257576.0,<$25M,2,True,True
338305,SEVEN HILLS CAPITAL CORP.,"            83,789,532.00",4,Y,2,,"TORONTO, ONTARIO",Approved,11/13/2025,07/24/2026,83789532.0,$25-100M,4,True,True
338837,"NAMSOFT ADVISORS, LLC","             2,577,140.00",1,Y,1,,,Approved,12/16/2025,05/07/2026,2577140.0,<$25M,1,True,True
300835,"3B1 PARTNERS, LLC","           391,559,419.00",4,N,0,NY,NEW YORK,Approved,08/05/2026,06/30/2026,391559419.0,$100-500M,4,False,True
324517,GLOBAL VENTURE MANAGEMENT LLC,"           130,000,000.00",1,Y,1,PR,SAN JUAN,Approved,05/27/2026,08/24/2026,130000000.0,$100-500M,1,True,True
338159,ARTHSCIENCE CAPITAL,                      .00,1,N,0,,"MUMBAI, MAHARASHTRA",Approved,04/29/2026,04/29/2026,0.0,$0 reported,1,False,True
335395,DIAMETER DCF ADVISOR LLC,"           342,551,336.00",119,Y,3,NY,NEW YORK,Approved,08/26/2025,04/29/2026,342551336.0,$100-500M,119,True,True
339430,DAWSON PARTNERS,"           999,148,689.00",231,Y,3,NY,NEW YORK,120-Day Approval,01/08/2026,06/09/2026,999148689.0,$500M-1B,231,True,True
327559,NEW VINTAGE PARTNERS LLC,"           281,466,788.00",6,Y,1,NY,NEW YORK,Approved,08/05/2026,07/01/2026,281466788.0,$100-500M,6,True,True
311614,COVALIS (GIBRALTAR) LIMITED,"         4,760,413,772.00",3,Y,2,,"MIDTOWN, QUEENSWAY",Approved,08/21/2026,06/30/2026,4760413772.0,>$1B,3,True,True
339198,XETFS,"               957,278.00",4,Y,7,,,Approved,01/20/2026,05/18/2026,957278.0,<$25M,4,True,True
326408,MONARCH COLLECTIVE,"           252,049,738.00",6,Y,4,,,Approved,08/05/2026,07/02/2026,252049738.0,$100-500M,6,True,True
285358,PALOMAR ADVISORS INC.,"           101,258,620.00",2,Y,3,,,Approved,04/27/2026,04/01/2026,101258620.0,$100-500M,2,True,True
343577,"WISDOMTREE VENTURES MANAGEMENT, LLC",                      .00,5,N,0,NY,NEW YORK,Approved,08/18/2026,07/17/2026,0.0,$0 reported,5,False,True
316201,THE NEWCASTLE NETWORK LP,"           222,774,209.00",12,Y,2,MA,WELLESLEY,Approved,08/05/2026,07/24/2026,222774209.0,$100-500M,12,True,True
333302,F3 PARTNERS LLC,"           204,643,860.00",5,Y,2,NY,NEW YORK,Approved,08/27/2026,06/29/2026,204643860.0,$100-500M,5,True,True
319107,FACTORIAL FUNDS MANAGEMENT LLC,"           967,009,419.00",6,Y,2,CA,SAN FRANCISCO,Approved,08/07/2025,03/31/2026,967009419.0,$500M-1B,6,True,True
343219,THIRD HARBOR,                      .00,3,N,0,NY,COLD SPRING HARBOR,120-Day Approval,07/22/2026,08/11/2026,0.0,$0 reported,3,False,True
323818,CINVEN LIMITED,"        42,711,410,629.00",150,Y,2,,LONDON,Approved,08/07/2026,07/08/2026,42711410629.0,>$1B,150,True,True
338114,SERONE CAPITAL MANAGEMENT LLC,"           116,106,077.00",3,Y,2,NY,NEW YORK,Approved,01/02/2026,07/22/2026,116106077.0,$100-500M,3,True,True
338032,SKYWARD TRADING LLC,                      .00,4,Y,1,,,Approved,09/19/2025,03/17/2026,0.0,$0 reported,4,True,True
323357,GREEN CAPITAL PRIVATE WEALTH,"           150,000,000.00",3,Y,1,FL,MIAMI,Approved,03/11/2026,07/02/2026,150000000.0,$100-500M,3,True,True
337596,CANDER ASSET MANAGEMENT,"           989,008,000.00",3,N,0,NY,NEW YORK,Approved,08/07/2025,03/11/2026,989008000.0,$500M-1B,3,False,True
340394,9 STREAM CAPITAL PARTNERS LLC,"            73,900,000.00",3,N,0,KS,LEAWOOD,Approved,03/09/2026,03/06/2026,73900000.0,$25-100M,3,False,True
334711,INGOT FINANCE,                      .00,1,Y,4,,,Approved,12/19/2025,07/14/2026,0.0,$0 reported,1,True,True
338598,HEXIS CAPITAL MANAGEMENT,"             1,000,000.00",4,Y,1,,LONDON,Approved,01/09/2026,05/08/2026,1000000.0,<$25M,4,True,True
327539,"HAYBEACH CAPITAL MANAGEMENT, LLC","           172,844,813.00",4,Y,1,NY,RYE,Approved,05/01/2026,03/31/2026,172844813.0,$100-500M,4,True,True
300529,ALPHA INNOVATIONS LTD.,"           231,513,989.00",10,Y,3,,HAMILTON,Approved,05/05/2026,05/01/2026,231513989.0,$100-500M,10,True,True
